,ds,trend,yhat_lower,yhat_upper,trend_lower,trend_upper,additive_terms,additive_terms_lower,additive_terms_upper,yearly,yearly_lower,yearly_upper,multiplicative_terms,multiplicative_terms_lower,multiplicative_terms_upper,yhat
0,2015-01-31,7077.632777742499,5683.645407701201,8020.219131299088,7077.632777742499,7077.632777742499,-169.02899284808072,-169.02899284808072,-169.02899284808072,-169.02899284808072,-169.02899284808072,-169.02899284808072,0.0,0.0,0.0,6908.603784894418
1,2015-02-28,7445.3113675283785,4872.163155263781,7063.432462427239,7445.3113675283785,7445.3113675283785,-1454.5460374579434,-1454.5460374579434,-1454.5460374579434,-1454.5460374579434,-1454.5460374579434,-1454.5460374579434,0.0,0.0,0.0,5990.765330070435
2,2015-03-31,7852.384091934175,7916.450300000811,10108.419102589733,7852.384091934175,7852.384091934175,1185.040638541891,1185.040638541891,1185.040638541891,1185.040638541891,1185.040638541891,1185.040638541891,0.0,0.0,0.0,9037.424730476065
3,2015-04-30,8246.325437767742,7827.84620933165,10103.813488198397,8246.325437767742,8246.325437767742,698.9692016838646,698.9692016838646,698.9692016838646,698.9692016838646,698.9692016838646,698.9692016838646,0.0,0.0,0.0,8945.294639451608
4,2015-05-31,8653.39816179576,8212.677303296692,10417.347300763013,8653.39816179576,8653.39816179576,693.975668167816,693.975668167816,693.975668167816,693.975668167816,693.975668167816,693.975668167816,0.0,0.0,0.0,9347.373829963575
5,2015-06-30,9047.339507469535,7463.052005754732,9755.566370402285,9047.339507469535,9047.339507469535,-386.99719424956083,-386.99719424956083,-386.99719424956083,-386.99719424956083,-386.99719424956083,-386.99719424956083,0.0,0.0,0.0,8660.342313219973
6,2015-07-31,9454.412231332435,8991.836992771056,11304.879035377542,9454.412231332435,9454.412231332435,718.2267663277015,718.2267663277015,718.2267663277015,718.2267663277015,718.2267663277015,718.2267663277015,0.0,0.0,0.0,10172.638997660137
7,2015-08-31,9861.484955368425,8074.799251674636,10306.891101380359,9861.484955368425,9861.484955368425,-676.703851815319,-676.703851815319,-676.703851815319,-676.703851815319,-676.703851815319,-676.703851815319,0.0,0.0,0.0,9184.781103553107
8,2015-09-30,10255.426301209709,9353.857413081801,11632.924782649907,10255.426301209709,10255.426301209709,257.4865302932236,257.4865302932236,257.4865302932236,257.4865302932236,257.4865302932236,257.4865302932236,0.0,0.0,0.0,10512.912831502932
9,2015-10-31,10662.499024989194,8832.525678417769,11156.80186318727,10662.499024989194,10662.499024989194,-706.9339967422021,-706.9339967422021,-706.9339967422021,-706.9339967422021,-706.9339967422021,-706.9339967422021,0.0,0.0,0.0,9955.565028246992
10,2015-11-30,11056.440370300123,9719.634919801923,11978.611385292495,11056.440370300123,11056.440370300123,-120.33489719246431,-120.33489719246431,-120.33489719246431,-120.33489719246431,-120.33489719246431,-120.33489719246431,0.0,0.0,0.0,10936.105473107658
11,2015-12-31,11463.513093788079,9515.594130587222,11731.999019461246,11463.513093788079,11463.513093788079,-846.8351090545013,-846.8351090545013,-846.8351090545013,-846.8351090545013,-846.8351090545013,-846.8351090545013,0.0,0.0,0.0,10616.677984733577
12,2016-01-31,11870.58581771118,10560.725769353488,12886.687334883185,11870.58581771118,11870.58581771118,-137.91328937903003,-137.91328937903003,-137.91328937903003,-137.91328937903003,-137.91328937903003,-137.91328937903003,0.0,0.0,0.0,11732.67252833215
13,2016-02-29,12251.395785252145,11027.565670588412,13276.931593547724,12251.395785252145,12251.395785252145,-124.12140300450841,-124.12140300450841,-124.12140300450841,-124.12140300450841,-124.12140300450841,-124.12140300450841,0.0,0.0,0.0,12127.274382247637
14,2016-03-31,12658.468509466313,11802.49949280934,14070.047363356744,12658.468509466313,12658.468509466313,262.84398725648833,262.84398725648833,262.84398725648833,262.84398725648833,262.84398725648833,262.84398725648833,0.0,0.0,0.0,12921.312496722801
15,2016-04-30,13052.409855480022,12063.437192532634,14325.234298403206,13052.409855480022,13052.409855480022,149.52994218388923,149.52994218388923,149.52994218388923,149.52994218388923,149.52994218388923,149.52994218388923,0.0,0.0,0.0,13201.939797663912
16,2016-05-31,13459.559918889292,12606.87584918481,14938.010591972865,13459.559918889292,13459.559918889292,361.4786434778524,361.4786434778524,361.4786434778524,361.4786434778524,361.4786434778524,361.4786434778524,0.0,0.0,0.0,13821.038562367145
17,2016-06-30,13853.576109285359,13490.28493370755,15617.081699919538,13853.576109285359,13853.576109285359,703.1959624527299,703.1959624527299,703.1959624527299,703.1959624527299,703.1959624527299,703.1959624527299,0.0,0.0,0.0,14556.772071738089
18,2016-07-31,14279.56065332295,13669.4158941532,15891.11087195565,14279.56065332295,14279.56065332295,408.7564135641445,408.7564135641445,408.7564135641445,408.7564135641445,408.7564135641445,408.7564135641445,0.0,0.0,0.0,14688.317066887093
19,2016-08-31,14705.54519736054,13532.52314730203,15785.599050208939,14705.54519736054,14705.54519736054,-100.38287893185044,-100.38287893185044,-100.38287893185044,-100.38287893185044,-100.38287893185044,-100.38287893185044,0.0,0.0,0.0,14605.16231842869
20,2016-09-30,15118.253394999372,13265.504491225067,15552.018413532767,15118.253394999372,15118.253394999372,-704.7152929515046,-704.7152929515046,-704.7152929515046,-704.7152929515046,-704.7152929515046,-704.7152929515046,0.0,0.0,0.0,14413.538102047867
21,2016-10-31,15544.718532559498,14393.270203556305,16671.1945877074,15544.718532559498,15544.718532559498,-86.193119303182,-86.193119303182,-86.193119303182,-86.193119303182,-86.193119303182,-86.193119303182,0.0,0.0,0.0,15458.525413256317
22,2016-11-30,15957.797867881967,14087.328334148791,16368.552588730032,15957.797867881967,15957.797867881967,-722.844018326086,-722.844018326086,-722.844018326086,-722.844018326086,-722.844018326086,-722.844018326086,0.0,0.0,0.0,15234.95384955588
23,2016-12-31,16384.646514381846,14383.180387958868,16645.304347993577,16384.646514381846,16384.646514381846,-820.0820674207592,-820.0820674207592,-820.0820674207592,-820.0820674207592,-820.0820674207592,-820.0820674207592,0.0,0.0,0.0,15564.564446961087
24,2017-01-31,16811.677282217966,15515.432425780897,17593.89985100143,16811.677282217966,16811.677282217966,-248.90425228372322,-248.90425228372322,-248.90425228372322,-248.90425228372322,-248.90425228372322,-248.90425228372322,0.0,0.0,0.0,16562.773029934244
25,2017-02-28,17197.593774592195,15389.653907989243,17724.735342749525,17197.593774592195,17197.593774592195,-573.9674967424992,-573.9674967424992,-573.9674967424992,-573.9674967424992,-573.9674967424992,-573.9674967424992,0.0,0.0,0.0,16623.626277849697
26,2017-03-31,17624.85846257794,17043.571077367098,19359.90533013668,17624.85846257794,17624.85846257794,560.9759346772145,560.9759346772145,560.9759346772145,560.9759346772145,560.9759346772145,560.9759346772145,0.0,0.0,0.0,18185.834397255156
27,2017-04-30,18038.423865045363,17165.58584134624,19501.3807500286,18038.423865045363,18038.423865045363,335.36531619498123,335.36531619498123,335.36531619498123,335.36531619498123,335.36531619498123,335.36531619498123,0.0,0.0,0.0,18373.789181240343
28,2017-05-31,18465.774780928365,17812.634748024357,20087.447521937895,18465.774780928365,18465.774780928365,480.9128756426094,480.9128756426094,480.9128756426094,480.9128756426094,480.9128756426094,480.9128756426094,0.0,0.0,0.0,18946.687656570975
29,2017-06-30,18879.492379765565,18046.87272722178,20276.852347631397,18879.492379765565,18879.492379765565,341.3417466610796,341.3417466610796,341.3417466610796,341.3417466610796,341.3417466610796,341.3417466610796,0.0,0.0,0.0,19220.834126426646
30,2017-07-31,19307.000565230668,18686.27406887984,20926.687323527807,19307.000565230668,19307.000565230668,509.2244481078597,509.2244481078597,509.2244481078597,509.2244481078597,509.2244481078597,509.2244481078597,0.0,0.0,0.0,19816.225013338528
31,2017-08-31,19734.558808191105,18377.70804704668,20570.79118000401,19734.558808191105,19734.558808191105,-296.735082335497,-296.735082335497,-296.735082335497,-296.735082335497,-296.735082335497,-296.735082335497,0.0,0.0,0.0,19437.823725855607
32,2017-09-30,20148.324849765726,18596.263078642172,20907.377570652454,20148.324849765726,20148.324849765726,-384.7052774929642,-384.7052774929642,-384.7052774929642,-384.7052774929642,-384.7052774929642,-384.7052774929642,0.0,0.0,0.0,19763.61957227276
33,2017-10-31,20575.938070098764,19138.004806869783,21367.227898183784,20575.938070098764,20575.938070098764,-292.01230778515617,-292.01230778515617,-292.01230778515617,-292.01230778515617,-292.01230778515617,-292.01230778515617,0.0,0.0,0.0,20283.925762313607
34,2017-11-30,20989.757315582356,19268.091144652968,21559.564525959868,20989.757315582356,20989.757315582356,-522.6755655336191,-522.6755655336191,-522.6755655336191,-522.6755655336191,-522.6755655336191,-522.6755655336191,0.0,0.0,0.0,20467.081750048736
35,2017-12-31,21417.549348096632,19435.34229399186,21700.668586524254,21417.549348096632,21417.549348096632,-825.2707828976753,-825.2707828976753,-825.2707828976753,-825.2707828976753,-825.2707828976753,-825.2707828976753,0.0,0.0,0.0,20592.278565198958
36,2018-01-31,21845.341380610913,20515.64255542965,22779.86586848434,21845.341380610913,21845.341380610913,-206.00225983586614,-206.00225983586614,-206.00225983586614,-206.00225983586614,-206.00225983586614,-206.00225983586614,0.0,0.0,0.0,21639.339120775046
37,2018-02-28,22231.734380751517,20076.54470925068,22311.90730880067,22231.734380751517,22231.734380751517,-1017.5866411910616,-1017.5866411910616,-1017.5866411910616,-1017.5866411910616,-1017.5866411910616,-1017.5866411910616,0.0,0.0,0.0,21214.147739560456
38,2018-03-31,22659.526630907192,22411.53318927845,24719.71547640186,22659.526630907192,22659.526630907192,868.4748602899384,868.4748602899384,868.4748602899384,868.4748602899384,868.4748602899384,868.4748602899384,0.0,0.0,0.0,23528.00149119713
39,2018-04-30,23073.51913170804,22472.35539850803,24773.304699203352,23073.51913170804,23073.51913170804,518.6225939218174,518.6225939218174,518.6225939218174,518.6225939218174,518.6225939218174,518.6225939218174,0.0,0.0,0.0,23592.141725629856
40,2018-05-31,23501.31138234006,22904.735813087624,25269.62497898852,23501.31138234006,23501.31138234006,591.7794984630457,591.7794984630457,591.7794984630457,591.7794984630457,591.7794984630457,591.7794984630457,0.0,0.0,0.0,24093.090880803105
41,2018-06-30,23915.303882951695,22740.590063369586,25050.176282434037,23915.303882951695,23915.303882951695,-22.18461941040421,-22.18461941040421,-22.18461941040421,-22.18461941040421,-22.18461941040421,-22.18461941040421,0.0,0.0,0.0,23893.11926354129
42,2018-07-31,24343.108984779014,23813.77328810579,26116.311185118902,24343.108984779014,24343.108984779014,612.3655667223701,612.3655667223701,612.3655667223701,612.3655667223701,612.3655667223701,612.3655667223701,0.0,0.0,0.0,24955.474551501382
43,2018-08-31,24770.91408660633,23114.8923367693,25461.300904821735,24770.91408660633,24770.91408660633,-488.88743924689095,-488.88743924689095,-488.88743924689095,-488.88743924689095,-488.88743924689095,-488.88743924689095,0.0,0.0,0.0,24282.026647359442
44,2018-09-30,25184.920903648093,24010.712790274385,26146.702615257986,25184.92090364809,25184.92090364809,-63.87718697851293,-63.87718697851293,-63.87718697851293,-63.87718697851293,-63.87718697851293,-63.87718697851293,0.0,0.0,0.0,25121.04371666958
45,2018-10-31,25612.727947924574,23914.448258339784,26296.328858629513,25612.727947924574,25612.727947924574,-498.9564724068242,-498.9564724068242,-498.9564724068242,-498.9564724068242,-498.9564724068242,-498.9564724068242,0.0,0.0,0.0,25113.771475517748
46,2018-11-30,26026.734876846953,24712.616349031516,26851.11171419474,26026.734876846953,26026.734876846953,-321.7761589507861,-321.7761589507861,-321.7761589507861,-321.7761589507861,-321.7761589507861,-321.7761589507861,0.0,0.0,0.0,25704.958717896166
47,2018-12-31,26454.542036733415,24559.52446699562,26759.946019631465,26454.542036733415,26454.542036733415,-834.1746479317279,-834.1746479317279,-834.1746479317279,-834.1746479317279,-834.1746479317279,-834.1746479317279,0.0,0.0,0.0,25620.36738880169
48,2019-01-31,26882.349196818825,25568.410350657836,27814.111918022765,26882.349196818825,26882.349196818825,-169.0289928489555,-169.0289928489555,-169.0289928489555,-169.0289928489555,-169.0289928489555,-169.0289928489555,0.0,0.0,0.0,26713.32020396987
49,2019-02-28,27268.755663992746,24638.389381718283,26957.235045988728,27268.755663992742,27268.755663992742,-1454.546037457477,-1454.546037457477,-1454.546037457477,-1454.546037457477,-1454.546037457477,-1454.546037457477,0.0,0.0,0.0,25814.20962653527
50,2019-03-31,27696.56282407816,27781.163934210952,30036.202612131943,27696.56282407816,27696.56282407816,1185.0406385409017,1185.0406385409017,1185.0406385409017,1185.0406385409017,1185.0406385409017,1185.0406385409017,0.0,0.0,0.0,28881.60346261906
51,2019-04-30,28110.56975319307,27651.668277508936,29954.542642595596,28110.56975319307,28110.56975319307,698.9692016841253,698.9692016841253,698.9692016841253,698.9692016841253,698.9692016841253,698.9692016841253,0.0,0.0,0.0,28809.538954877196
52,2019-05-31,28538.376913278484,28102.317059999797,30325.661481486764,28538.376913278487,28538.376913278487,693.9756681690985,693.9756681690985,693.9756681690985,693.9756681690985,693.9756681690985,693.9756681690985,0.0,0.0,0.0,29232.352581447583
53,2019-06-30,28952.383842393396,27494.192073425198,29636.281096340725,28952.383842393396,28952.383842393396,-386.9971942471366,-386.9971942471366,-386.9971942471366,-386.9971942471366,-386.9971942471366,-386.9971942471366,0.0,0.0,0.0,28565.38664814626
54,2019-07-31,29380.19100247881,28949.328374581055,31177.049280044426,29380.19100247881,29380.19100247881,718.2267663281065,718.2267663281065,718.2267663281065,718.2267663281065,718.2267663281065,718.2267663281065,0.0,0.0,0.0,30098.417768806914
55,2019-08-31,29807.998162564218,28092.80808945422,30316.093660599272,29807.998162564218,29807.998162564218,-676.7038518155069,-676.7038518155069,-676.7038518155069,-676.7038518155069,-676.7038518155069,-676.7038518155069,0.0,0.0,0.0,29131.29431074871
56,2019-09-30,30222.005091679133,29324.496855214562,31665.417222794782,30222.005091679133,30222.005091679133,257.4865302926414,257.4865302926414,257.4865302926414,257.4865302926414,257.4865302926414,257.4865302926414,0.0,0.0,0.0,30479.491621971774
57,2019-10-31,30649.812251764546,28837.449702628026,31118.892057860307,30649.812251764546,30649.812251764546,-706.933996742667,-706.933996742667,-706.933996742667,-706.933996742667,-706.933996742667,-706.933996742667,0.0,0.0,0.0,29942.87825502188
58,2019-11-30,31063.81918087946,29794.025166774918,32115.643505157816,31063.81918087946,31063.81918087946,-120.33489719302693,-120.33489719302693,-120.33489719302693,-120.33489719302693,-120.33489719302693,-120.33489719302693,0.0,0.0,0.0,30943.484283686434
59,2019-12-31,31491.626340964867,29449.58231952027,31807.056991962534,31491.626340964867,31491.626340964867,-846.8351090549269,-846.8351090549269,-846.8351090549269,-846.8351090549269,-846.8351090549269,-846.8351090549269,0.0,0.0,0.0,30644.79123190994
60,2020-01-31,31919.433501050287,30582.14523233113,32886.971554033036,31919.197697005016,31919.66836742867,-137.9132893799004,-137.9132893799004,-137.9132893799004,-137.9132893799004,-137.9132893799004,-137.9132893799004,0.0,0.0,0.0,31781.520211670388
61,2020-02-29,32319.640199194695,31055.878667811154,33332.19087975809,32318.68424810153,32320.59748805546,-124.12140300389309,-124.12140300389309,-124.12140300389309,-124.12140300389309,-124.12140300389309,-124.12140300389309,0.0,0.0,0.0,32195.5187961908
62,2020-03-31,32747.447359280115,31830.3858120066,34147.88277673536,32745.187079004743,32749.535120281973,262.8439872556721,262.8439872556721,262.8439872556721,262.8439872556721,262.8439872556721,262.8439872556721,0.0,0.0,0.0,33010.291346535785
63,2020-04-30,33161.45428839503,32204.08530573813,34474.15762357246,33157.747633104744,33164.90666811809,149.5299421812988,149.5299421812988,149.5299421812988,149.5299421812988,149.5299421812988,149.5299421812988,0.0,0.0,0.0,33310.98423057632
64,2020-05-31,33589.261448480436,32771.65714293571,35028.34046307241,33584.02098520317,33594.25864677907,361.47864347812543,361.47864347812543,361.47864347812543,361.47864347812543,361.47864347812543,361.47864347812543,0.0,0.0,0.0,33950.74009195856
65,2020-06-30,34003.26837759535,33577.15470928738,35903.33777160164,33996.20819794364,34009.9373977506,703.1959624516908,703.1959624516908,703.1959624516908,703.1959624516908,703.1959624516908,703.1959624516908,0.0,0.0,0.0,34706.46434004704
66,2020-07-31,34431.075537680765,33629.19106457827,36027.516587463244,34422.07489097836,34439.70128349374,408.7564135645712,408.7564135645712,408.7564135645712,408.7564135645712,408.7564135645712,408.7564135645712,0.0,0.0,0.0,34839.83195124534
67,2020-08-31,34858.882697766174,33608.84536482854,35910.51516821924,34847.58640644493,34869.813184105886,-100.38287893413727,-100.38287893413727,-100.38287893413727,-100.38287893413727,-100.38287893413727,-100.38287893413727,0.0,0.0,0.0,34758.49981883204
68,2020-09-30,35272.889626881086,33395.31695723438,35717.04763537389,35259.51407044603,35285.67411656585,-704.7152929526154,-704.7152929526154,-704.7152929526154,-704.7152929526154,-704.7152929526154,-704.7152929526154,0.0,0.0,0.0,34568.17433392847
69,2020-10-31,35700.696786966495,34519.28785794572,36777.911623789434,35684.7090069667,35716.46132318619,-86.19311930488008,-86.19311930488008,-86.19311930488008,-86.19311930488008,-86.19311930488008,-86.19311930488008,0.0,0.0,0.0,35614.503667661615
70,2020-11-30,36114.703716081414,34229.27322353906,36554.11129866463,36096.03547848319,36133.42832642942,-722.8440183245959,-722.8440183245959,-722.8440183245959,-722.8440183245959,-722.8440183245959,-722.8440183245959,0.0,0.0,0.0,35391.859697756816
71,2020-12-31,36542.51087616682,34605.23168482234,36855.719844304156,36520.89439638847,36563.728157284415,-820.0820674197169,-820.0820674197169,-820.0820674197169,-820.0820674197169,-820.0820674197169,-820.0820674197169,0.0,0.0,0.0,35722.42880874711
72,2021-01-31,36970.31803625223,35594.2928297084,37859.038477212205,36945.68256322102,36994.350671608234,-248.90425228441666,-248.90425228441666,-248.90425228441666,-248.90425228441666,-248.90425228441666,-248.90425228441666,0.0,0.0,0.0,36721.413783967815
73,2021-02-28,37356.72450342615,35635.67856468184,37913.53383186779,37329.53028077619,37384.00455557122,-573.9674967409293,-573.9674967409293,-573.9674967409293,-573.9674967409293,-573.9674967409293,-573.9674967409293,0.0,0.0,0.0,36782.75700668522
74,2021-03-31,37784.531663511574,37164.97697393445,39486.19846473164,37753.8408159121,37814.88465770043,560.9759346758725,560.9759346758725,560.9759346758725,560.9759346758725,560.9759346758725,560.9759346758725,0.0,0.0,0.0,38345.50759818745
75,2021-04-30,38198.538592626486,37433.233166628364,39660.419748309854,38164.77239518995,38232.6383773625,335.3653161928219,335.3653161928219,335.3653161928219,335.3653161928219,335.3653161928219,335.3653161928219,0.0,0.0,0.0,38533.90390881931
76,2021-05-31,38626.34575271189,38025.619200799505,40262.77033812811,38589.49886528649,38663.7481012402,480.91287564340075,480.91287564340075,480.91287564340075,480.91287564340075,480.91287564340075,480.91287564340075,0.0,0.0,0.0,39107.25862835529
77,2021-06-30,39040.35268182681,38286.47974072654,40509.21267305806,38999.78286684743,39080.70495717372,341.34174665917084,341.34174665917084,341.34174665917084,341.34174665917084,341.34174665917084,341.34174665917084,0.0,0.0,0.0,39381.69442848598
78,2021-07-31,39468.15984191222,38794.96169398275,41131.53893346818,39423.71014035146,39511.337165550336,509.2244481074336,509.2244481074336,509.2244481074336,509.2244481074336,509.2244481074336,509.2244481074336,0.0,0.0,0.0,39977.38429001965
79,2021-08-31,39895.96700199763,38472.778285149274,40652.89148552758,39847.91483235858,39942.9023338134,-296.73508233479475,-296.73508233479475,-296.73508233479475,-296.73508233479475,-296.73508233479475,-296.73508233479475,0.0,0.0,0.0,39599.23191966284
80,2021-09-30,40309.973931112545,38811.94380169847,41093.53827306477,40257.676787987795,40359.988567979264,-384.7052774932929,-384.7052774932929,-384.7052774932929,-384.7052774932929,-384.7052774932929,-384.7052774932929,0.0,0.0,0.0,39925.26865361925
81,2021-10-31,40737.781091197954,39268.965010326094,41661.52999560173,40681.75484724286,40792.72394252237,-292.01230778688006,-292.01230778688006,-292.01230778688006,-292.01230778688006,-292.01230778688006,-292.01230778688006,0.0,0.0,0.0,40445.76878341108
82,2021-11-30,41151.78802031287,39479.4098147859,41720.268664740084,41090.527165491425,41209.755353438326,-522.6755655342782,-522.6755655342782,-522.6755655342782,-522.6755655342782,-522.6755655342782,-522.6755655342782,0.0,0.0,0.0,40629.112454778595
83,2021-12-31,41579.59518039828,39599.1550541,41903.84810820734,41512.71291499624,41641.22530996975,-825.2707828975908,-825.2707828975908,-825.2707828975908,-825.2707828975908,-825.2707828975908,-825.2707828975908,0.0,0.0,0.0,40754.32439750069
84,2022-01-31,42007.4023404837,40614.56484795828,42918.91326616063,41936.72595331764,42074.219337493,-206.00225983509057,-206.00225983509057,-206.00225983509057,-206.00225983509057,-206.00225983509057,-206.00225983509057,0.0,0.0,0.0,41801.40008064861
85,2022-02-28,42393.80880765762,40234.73774264658,42528.45986729387,42319.993646355775,42465.3419273653,-1017.5866411905034,-1017.5866411905034,-1017.5866411905034,-1017.5866411905034,-1017.5866411905034,-1017.5866411905034,0.0,0.0,0.0,41376.222166467116
86,2022-03-31,42821.615967743026,42512.14830355367,44831.31959134072,42744.56537086721,42897.795616523654,868.474860289957,868.474860289957,868.474860289957,868.474860289957,868.474860289957,868.474860289957,0.0,0.0,0.0,43690.09082803298
87,2022-04-30,43235.62289685794,42574.82825371086,44822.58995620496,43153.750245362186,43314.88812067767,518.6225939210161,518.6225939210161,518.6225939210161,518.6225939210161,518.6225939210161,518.6225939210161,0.0,0.0,0.0,43754.24549077895
88,2022-05-31,43663.430056943354,43100.88542082878,45440.86056000921,43576.21946914114,43746.474096658116,591.7794984629124,591.7794984629124,591.7794984629124,591.7794984629124,591.7794984629124,591.7794984629124,0.0,0.0,0.0,44255.20955540627
89,2022-06-30,44077.43698605827,42918.69794527877,45095.589954773415,43986.13389945407,44164.39215375861,-22.18461941087902,-22.18461941087902,-22.18461941087902,-22.18461941087902,-22.18461941087902,-22.18461941087902,0.0,0.0,0.0,44055.252366647386
90,2022-07-31,44505.244146143676,43901.00581685991,46204.546983736815,44409.55024845953,44596.97003014355,612.3655667242624,612.3655667242624,612.3655667242624,612.3655667242624,612.3655667242624,612.3655667242624,0.0,0.0,0.0,45117.60971286794
91,2022-08-31,44933.051306229085,43280.85186404304,45586.7710663868,44834.404063891925,45029.39255839048,-488.88743924650356,-488.88743924650356,-488.88743924650356,-488.88743924650356,-488.88743924650356,-488.88743924650356,0.0,0.0,0.0,44444.163866982584
92,2022-09-30,45347.058235344004,44102.93804116189,46416.11803963869,45244.203678483034,45448.58169604462,-63.87718697771746,-63.87718697771746,-63.87718697771746,-63.87718697771746,-63.87718697771746,-63.87718697771746,0.0,0.0,0.0,45283.181048366285
93,2022-10-31,45774.86539542941,44143.126558788805,46439.00315453359,45666.26688420579,45881.53042465129,-498.9564724063161,-498.9564724063161,-498.9564724063161,-498.9564724063161,-498.9564724063161,-498.9564724063161,0.0,0.0,0.0,45275.9089230231
94,2022-11-30,46188.872324544325,44789.04790483276,47042.52929187641,46076.03180793527,46299.11173292544,-321.776158950598,-321.776158950598,-321.776158950598,-321.776158950598,-321.776158950598,-321.776158950598,0.0,0.0,0.0,45867.09616559373
95,2022-12-31,46616.679484629734,44634.17671702955,46934.43909781107,46497.64579898278,46731.24082920224,-834.1746479331822,-834.1746479331822,-834.1746479331822,-834.1746479331822,-834.1746479331822,-834.1746479331822,0.0,0.0,0.0,45782.50483669655
96,2023-01-31,47044.48664471515,45746.86535275304,47997.31746668346,46919.07418520856,47164.18587261674,-169.02899284692987,-169.02899284692987,-169.02899284692987,-169.02899284692987,-169.02899284692987,-169.02899284692987,0.0,0.0,0.0,46875.45765186822
97,2023-02-28,47430.893111889076,44827.48413710311,47033.961289970364,47301.28472439518,47556.687846776455,-1454.5460374562238,-1454.5460374562238,-1454.5460374562238,-1454.5460374562238,-1454.5460374562238,-1454.5460374562238,0.0,0.0,0.0,45976.34707443285
98,2023-03-31,47858.70027197448,47869.395083719646,50173.76501001959,47723.620820317905,47987.22571196037,1185.040638541654,1185.040638541654,1185.040638541654,1185.040638541654,1185.040638541654,1185.040638541654,0.0,0.0,0.0,49043.740910516135
99,2023-04-30,48272.70720108939,47880.16279582992,50193.12127922234,48130.96566685981,48407.41949628367,698.9692016860947,698.9692016860947,698.9692016860947,698.9692016860947,698.9692016860947,698.9692016860947,0.0,0.0,0.0,48971.67640277548
100,2023-05-31,48700.514361174806,48202.793199157284,50517.55227472303,48552.89952045747,48840.878903794575,693.9756681685328,693.9756681685328,693.9756681685328,693.9756681685328,693.9756681685328,693.9756681685328,0.0,0.0,0.0,49394.49002934334
101,2023-06-30,49114.521290289726,47543.73332192858,49831.06922605626,48960.36352266283,49260.28135998611,-386.9971942476455,-386.9971942476455,-386.9971942476455,-386.9971942476455,-386.9971942476455,-386.9971942476455,0.0,0.0,0.0,48727.52409604208
102,2023-07-31,49542.328450375135,48966.03601433913,51328.73953557368,49383.592489905874,49693.52528139087,718.226766328627,718.226766328627,718.226766328627,718.226766328627,718.226766328627,718.226766328627,0.0,0.0,0.0,50260.55521670376
103,2023-08-31,49970.135610460544,48197.36849308122,50447.47632174892,49804.94794015479,50127.00405534046,-676.703851817417,-676.703851817417,-676.703851817417,-676.703851817417,-676.703851817417,-676.703851817417,0.0,0.0,0.0,49293.43175864313
104,2023-09-30,50384.142539575456,49406.86485323984,51823.05719049042,50212.94186349124,50546.91564678576,257.4865302942665,257.4865302942665,257.4865302942665,257.4865302942665,257.4865302942665,257.4865302942665,0.0,0.0,0.0,50641.62906986972
105,2023-10-31,50811.94969966087,48903.46517868456,51263.771791196734,50635.528300025566,50980.98681438451,-706.9339967441296,-706.9339967441296,-706.9339967441296,-706.9339967441296,-706.9339967441296,-706.9339967441296,0.0,0.0,0.0,50105.015702916746
106,2023-11-30,51225.956628775784,49905.03687094472,52226.43832098893,51043.395110831974,51400.884757045,-120.33489719433551,-120.33489719433551,-120.33489719433551,-120.33489719433551,-120.33489719433551,-120.33489719433551,0.0,0.0,0.0,51105.62173158145
107,2023-12-31,51653.76378886119,49720.052362132024,51929.21152004249,51465.92701848298,51832.85205793688,-846.8351090549272,-846.8351090549272,-846.8351090549272,-846.8351090549272,-846.8351090549272,-846.8351090549272,0.0,0.0,0.0,50806.92867980627
108,2024-01-31,52081.5709489466,50824.913699645964,53055.01847306802,51886.10042917694,52266.80518077168,-137.91328937809658,-137.91328937809658,-137.91328937809658,-137.91328937809658,-137.91328937809658,-137.91328937809658,0.0,0.0,0.0,51943.657659568504
109,2024-02-29,52481.777647091025,51189.54857384146,53523.56830980517,52282.135221905184,52674.08368733927,-124.12140300341673,-124.12140300341673,-124.12140300341673,-124.12140300341673,-124.12140300341673,-124.12140300341673,0.0,0.0,0.0,52357.65624408761
110,2024-03-31,52909.58480717644,51910.48014492225,54332.87280986661,52703.12636764154,53108.54793605062,262.8439872571844,262.8439872571844,262.8439872571844,262.8439872571844,262.8439872571844,262.8439872571844,0.0,0.0,0.0,53172.428794433625
111,2024-04-30,53323.59173629135,52284.69712234921,54553.427471333016,53111.20684141537,53528.35749298803,149.5299421819844,149.5299421819844,149.5299421819844,149.5299421819844,149.5299421819844,149.5299421819844,0.0,0.0,0.0,53473.12167847334
112,2024-05-31,53751.398896376755,53016.016259775366,55264.102100474054,53534.60955410424,53961.43049126613,361.47864347710055,361.47864347710055,361.47864347710055,361.47864347710055,361.47864347710055,361.47864347710055,0.0,0.0,0.0,54112.87753985386
113,2024-06-30,54165.405825491674,53717.8303752916,55968.310830849965,53945.4473889583,54380.38336756308,703.1959624546366,703.1959624546366,703.1959624546366,703.1959624546366,703.1959624546366,703.1959624546366,0.0,0.0,0.0,54868.60178794631
114,2024-07-31,54593.21298557709,53890.35203428977,56174.892384179766,54369.97041175122,54814.84775922523,408.75641356364383,408.75641356364383,408.75641356364383,408.75641356364383,408.75641356364383,408.75641356364383,0.0,0.0,0.0,55001.96939914073
115,2024-08-31,55021.0201456625,53778.863360559044,56125.40424421441,54790.235553178725,55248.48323428123,-100.3828789337466,-100.3828789337466,-100.3828789337466,-100.3828789337466,-100.3828789337466,-100.3828789337466,0.0,0.0,0.0,54920.63726672875
116,2024-09-30,55435.02707477741,53601.8222132076,55987.22947134667,55196.504008514334,55668.40710609358,-704.7152929533747,-704.7152929533747,-704.7152929533747,-704.7152929533747,-704.7152929533747,-704.7152929533747,0.0,0.0,0.0,54730.311781824035
117,2024-10-31,55862.83423486282,54581.10810847775,56964.97241046166,55618.90364051613,56102.20089803762,-86.19311930222742,-86.19311930222742,-86.19311930222742,-86.19311930222742,-86.19311930222742,-86.19311930222742,0.0,0.0,0.0,55776.6411155606
118,2024-11-30,56276.84116397774,54372.716977116084,56710.76642727118,56029.200003746555,56521.91438472142,-722.844018325391,-722.844018325391,-722.844018325391,-722.844018325391,-722.844018325391,-722.844018325391,0.0,0.0,0.0,55553.99714565235
119,2024-12-31,56704.64832406315,54636.470277106404,57032.3942558368,56453.89601076227,56955.90119240927,-820.0820674233304,-820.0820674233304,-820.0820674233304,-820.0820674233304,-820.0820674233304,-820.0820674233304,0.0,0.0,0.0,55884.56625663982
