,Départements,Année,Essence + Superéthanol < 6CV,Essence + Superéthanol 6 à 7CV,Essence + Superéthanol 8CV et +,Hybride essence < 6CV,Hybride essence 6CV et +,Gazole < 6CV,Gazole 6CV et +,Essence-GPL < 6CV,Essence-GPL 6CV et +,Electricité,Total,Hybride gazole
0,Ain,2010,3687.0,978.0,527.0,55.0,22.0,6167.0,6503.0,616.0,0.0,0.0,18564.0,0.0
1,Ain,2011,3837.0,1147.0,606.0,107.0,13.0,5835.0,7669.0,94.0,3.0,10.0,19334.0,0.0
2,Ain,2012,3193.0,1123.0,611.0,29.0,126.0,4580.0,6628.0,15.0,3.0,21.0,16424.0,91.0
3,Ain,2013,3536.0,1315.0,614.0,227.0,22.0,4717.0,5582.0,13.0,10.0,55.0,16196.0,103.0
4,Ain,2014,3891.0,1455.0,575.0,204.0,26.0,4452.0,4956.0,8.0,6.0,60.0,15717.0,84.0
5,Ain,2015,4435.0,1777.0,871.0,226.0,80.0,3522.0,5184.0,3.0,4.0,156.0,16426.0,165.0
6,Ain,2016,4818.0,2459.0,1052.0,305.0,110.0,3266.0,5278.0,1.0,0.0,225.0,17544.0,30.0
7,Ain,2017,4809.0,3150.0,1240.0,515.0,165.0,2943.0,5399.0,2.0,6.0,227.0,18471.0,10.0
8,Ain,2018,5751.0,3608.0,1249.0,660.0,271.0,2369.0,4842.0,7.0,10.0,310.0,19123.0,44.0
9,Ain,2019,5873.0,3625.0,1679.0,593.0,332.0,1699.0,5157.0,6.0,5.0,426.0,19502.0,106.0
10,Aisne,2010,2981.0,592.0,474.0,22.0,29.0,7153.0,8363.0,651.0,0.0,0.0,20267.0,0.0
11,Aisne,2011,3177.0,713.0,470.0,36.0,23.0,7520.0,9397.0,77.0,1.0,14.0,21428.0,0.0
12,Aisne,2012,2658.0,643.0,390.0,11.0,66.0,6809.0,8646.0,7.0,1.0,27.0,19333.0,74.0
13,Aisne,2013,3077.0,776.0,376.0,117.0,35.0,6221.0,7492.0,10.0,10.0,76.0,18286.0,93.0
14,Aisne,2014,3317.0,808.0,330.0,114.0,49.0,6078.0,6575.0,14.0,5.0,87.0,17439.0,61.0
15,Aisne,2015,4594.0,1211.0,507.0,107.0,68.0,5624.0,6594.0,14.0,2.0,123.0,18953.0,109.0
16,Aisne,2016,5376.0,1677.0,696.0,128.0,109.0,5204.0,7866.0,3.0,0.0,150.0,21270.0,59.0
17,Aisne,2017,6054.0,2439.0,845.0,333.0,150.0,4794.0,8220.0,6.0,6.0,161.0,23041.0,32.0
18,Aisne,2018,7320.0,3452.0,974.0,386.0,194.0,3117.0,7560.0,7.0,9.0,165.0,23273.0,88.0
19,Aisne,2019,7377.0,3839.0,1347.0,434.0,326.0,2540.0,8020.0,4.0,1.0,260.0,24354.0,192.0
20,Allier,2010,2072.0,403.0,174.0,22.0,5.0,3766.0,3553.0,422.0,0.0,0.0,10418.0,0.0
21,Allier,2011,1999.0,449.0,156.0,37.0,4.0,3504.0,3852.0,59.0,2.0,8.0,10070.0,0.0
22,Allier,2012,1517.0,396.0,149.0,8.0,43.0,2627.0,3210.0,10.0,1.0,11.0,8028.0,54.0
23,Allier,2013,1601.0,509.0,115.0,80.0,14.0,2635.0,2567.0,6.0,7.0,26.0,7638.0,78.0
24,Allier,2014,1824.0,551.0,134.0,84.0,7.0,2410.0,2268.0,5.0,3.0,36.0,7358.0,36.0
25,Allier,2015,2147.0,798.0,252.0,70.0,15.0,2023.0,2269.0,6.0,5.0,61.0,7723.0,76.0
26,Allier,2016,2459.0,1047.0,303.0,141.0,36.0,1784.0,2348.0,0.0,1.0,84.0,8227.0,24.0
27,Allier,2017,2484.0,1450.0,419.0,209.0,45.0,1428.0,2486.0,3.0,4.0,96.0,8626.0,2.0
28,Allier,2018,2928.0,1770.0,472.0,287.0,93.0,1042.0,2223.0,9.0,7.0,122.0,8962.0,9.0
29,Allier,2019,3244.0,1573.0,598.0,246.0,97.0,834.0,2262.0,4.0,3.0,140.0,9049.0,47.0
30,Alpes-Maritimes,2010,11312.0,2792.0,1652.0,190.0,110.0,12507.0,11116.0,1208.0,5.0,3.0,40897.0,0.0
31,Alpes-Maritimes,2011,10616.0,2819.0,1735.0,324.0,83.0,10922.0,12073.0,165.0,4.0,117.0,38861.0,0.0
32,Alpes-Maritimes,2012,9175.0,2405.0,1594.0,100.0,361.0,8370.0,10854.0,26.0,6.0,167.0,33186.0,126.0
33,Alpes-Maritimes,2013,9319.0,2679.0,1487.0,635.0,83.0,8201.0,8895.0,32.0,18.0,138.0,31690.0,202.0
34,Alpes-Maritimes,2014,10128.0,2748.0,1514.0,612.0,94.0,7401.0,8055.0,19.0,13.0,240.0,30970.0,145.0
35,Alpes-Maritimes,2015,12886.0,3453.0,2072.0,635.0,222.0,6144.0,8222.0,20.0,12.0,318.0,34202.0,216.0
36,Alpes-Maritimes,2016,13305.0,4370.0,2619.0,621.0,317.0,5122.0,7885.0,25.0,4.0,417.0,34741.0,49.0
37,Alpes-Maritimes,2017,12379.0,5614.0,2949.0,1160.0,447.0,4357.0,7918.0,5.0,8.0,528.0,35391.0,23.0
38,Alpes-Maritimes,2018,12891.0,6426.0,3141.0,1467.0,527.0,3268.0,6928.0,19.0,17.0,790.0,35507.0,32.0
39,Alpes-Maritimes,2019,13533.0,7208.0,4326.0,1302.0,930.0,2145.0,6847.0,12.0,12.0,1231.0,37773.0,225.0
40,Alpes-de-Haute-Provence,2010,1116.0,193.0,89.0,28.0,0.0,1969.0,1628.0,236.0,3.0,0.0,5262.0,0.0
41,Alpes-de-Haute-Provence,2011,1003.0,232.0,112.0,28.0,0.0,1780.0,1781.0,41.0,3.0,2.0,4982.0,0.0
42,Alpes-de-Haute-Provence,2012,880.0,157.0,75.0,8.0,27.0,1423.0,1588.0,4.0,1.0,5.0,4196.0,27.0
43,Alpes-de-Haute-Provence,2013,879.0,238.0,95.0,83.0,1.0,1331.0,1246.0,3.0,5.0,11.0,3916.0,24.0
44,Alpes-de-Haute-Provence,2014,1066.0,235.0,88.0,66.0,3.0,1286.0,1108.0,7.0,4.0,9.0,3890.0,18.0
45,Alpes-de-Haute-Provence,2015,1211.0,338.0,111.0,82.0,10.0,1173.0,1209.0,5.0,1.0,30.0,4206.0,36.0
46,Alpes-de-Haute-Provence,2016,1318.0,514.0,177.0,103.0,48.0,1046.0,1181.0,0.0,1.0,51.0,4440.0,1.0
47,Alpes-de-Haute-Provence,2017,1371.0,724.0,190.0,193.0,49.0,975.0,1176.0,0.0,1.0,86.0,4768.0,3.0
48,Alpes-de-Haute-Provence,2018,1520.0,764.0,223.0,253.0,60.0,887.0,1081.0,4.0,6.0,91.0,4892.0,3.0
49,Alpes-de-Haute-Provence,2019,1760.0,716.0,329.0,206.0,87.0,641.0,1070.0,0.0,8.0,127.0,4963.0,19.0
50,Ardennes,2010,1476.0,279.0,97.0,19.0,3.0,3360.0,3376.0,457.0,4.0,0.0,9072.0,0.0
51,Ardennes,2011,1451.0,369.0,141.0,28.0,6.0,2962.0,3682.0,66.0,9.0,2.0,8720.0,0.0
52,Ardennes,2012,1258.0,307.0,132.0,7.0,20.0,2432.0,2997.0,10.0,5.0,24.0,7226.0,34.0
53,Ardennes,2013,1334.0,336.0,126.0,72.0,6.0,2225.0,2333.0,11.0,6.0,12.0,6499.0,38.0
54,Ardennes,2014,1414.0,326.0,109.0,59.0,3.0,2199.0,2113.0,4.0,0.0,24.0,6279.0,28.0
55,Ardennes,2015,1730.0,490.0,159.0,48.0,13.0,1978.0,2161.0,2.0,3.0,47.0,6700.0,69.0
56,Ardennes,2016,1930.0,717.0,224.0,70.0,35.0,1651.0,2157.0,0.0,0.0,75.0,6886.0,27.0
57,Ardennes,2017,1954.0,960.0,246.0,185.0,52.0,1489.0,2139.0,1.0,5.0,51.0,7092.0,10.0
58,Ardennes,2018,2283.0,1211.0,238.0,245.0,62.0,1105.0,1915.0,3.0,8.0,143.0,7220.0,6.0
59,Ardennes,2019,2407.0,1223.0,477.0,198.0,83.0,857.0,1961.0,3.0,6.0,114.0,7356.0,26.0
60,Ardèche,2010,1752.0,399.0,159.0,21.0,3.0,3457.0,2755.0,432.0,1.0,0.0,8981.0,0.0
61,Ardèche,2011,1751.0,403.0,174.0,33.0,1.0,2961.0,2930.0,68.0,2.0,2.0,8325.0,0.0
62,Ardèche,2012,1445.0,400.0,115.0,9.0,46.0,2241.0,2341.0,14.0,1.0,20.0,6670.0,38.0
63,Ardèche,2013,1656.0,526.0,156.0,82.0,4.0,2029.0,1877.0,10.0,6.0,31.0,6410.0,33.0
64,Ardèche,2014,1905.0,572.0,133.0,53.0,4.0,1832.0,1786.0,6.0,8.0,28.0,6355.0,28.0
65,Ardèche,2015,2186.0,743.0,219.0,69.0,9.0,1529.0,1758.0,2.0,0.0,93.0,6669.0,61.0
66,Ardèche,2016,2297.0,1072.0,299.0,98.0,26.0,1302.0,1631.0,1.0,0.0,144.0,6883.0,13.0
67,Ardèche,2017,2361.0,1269.0,375.0,181.0,54.0,1090.0,1672.0,2.0,2.0,152.0,7161.0,3.0
68,Ardèche,2018,2813.0,1546.0,363.0,226.0,45.0,806.0,1561.0,6.0,1.0,159.0,7533.0,7.0
69,Ardèche,2019,2821.0,1338.0,490.0,213.0,99.0,629.0,1546.0,4.0,8.0,157.0,7333.0,28.0
70,Ariège,2010,739.0,140.0,37.0,18.0,1.0,1825.0,1513.0,222.0,2.0,0.0,4497.0,0.0
71,Ariège,2011,685.0,159.0,57.0,14.0,1.0,1898.0,1627.0,27.0,1.0,1.0,4470.0,0.0
72,Ariège,2012,539.0,116.0,47.0,7.0,27.0,1975.0,1388.0,5.0,1.0,13.0,4128.0,9.0
73,Ariège,2013,687.0,158.0,50.0,50.0,2.0,1780.0,1275.0,4.0,3.0,11.0,4034.0,14.0
74,Ariège,2014,835.0,202.0,58.0,34.0,2.0,1969.0,1155.0,6.0,1.0,15.0,4288.0,11.0
75,Ariège,2015,983.0,351.0,94.0,41.0,4.0,1791.0,1211.0,0.0,1.0,35.0,4530.0,19.0
76,Ariège,2016,1066.0,423.0,120.0,81.0,21.0,1840.0,1121.0,0.0,1.0,36.0,4719.0,9.0
77,Ariège,2017,1096.0,526.0,134.0,134.0,23.0,831.0,1055.0,1.0,1.0,45.0,3846.0,0.0
78,Ariège,2018,1377.0,628.0,141.0,138.0,27.0,663.0,939.0,5.0,0.0,64.0,3992.0,10.0
79,Ariège,2019,1433.0,606.0,210.0,114.0,56.0,543.0,993.0,0.0,2.0,75.0,4047.0,15.0
80,Aube,2010,1606.0,368.0,157.0,25.0,4.0,3124.0,3344.0,246.0,1.0,0.0,8875.0,0.0
81,Aube,2011,1595.0,398.0,178.0,30.0,3.0,2549.0,3781.0,52.0,1.0,2.0,8589.0,0.0
82,Aube,2012,1293.0,389.0,157.0,8.0,47.0,2198.0,3104.0,5.0,1.0,12.0,7263.0,48.0
83,Aube,2013,1380.0,457.0,146.0,107.0,6.0,2040.0,2589.0,1.0,6.0,23.0,6814.0,59.0
84,Aube,2014,1519.0,486.0,126.0,77.0,7.0,1900.0,2219.0,2.0,4.0,29.0,6406.0,36.0
85,Aube,2015,1711.0,660.0,170.0,96.0,24.0,1677.0,2301.0,1.0,1.0,57.0,6769.0,71.0
86,Aube,2016,1796.0,804.0,264.0,141.0,55.0,1397.0,2366.0,0.0,1.0,83.0,6921.0,14.0
87,Aube,2017,2025.0,1138.0,367.0,260.0,68.0,1123.0,2420.0,3.0,3.0,73.0,7489.0,8.0
88,Aube,2018,2392.0,1523.0,388.0,260.0,123.0,960.0,2332.0,0.0,2.0,93.0,8085.0,12.0
89,Aube,2019,2351.0,1238.0,546.0,190.0,141.0,656.0,2055.0,1.0,2.0,148.0,7386.0,58.0
90,Aude,2010,2052.0,355.0,144.0,31.0,8.0,4571.0,3404.0,366.0,1.0,0.0,10932.0,0.0
91,Aude,2011,2068.0,372.0,130.0,33.0,2.0,4190.0,3861.0,51.0,0.0,8.0,10715.0,0.0
92,Aude,2012,1887.0,314.0,135.0,14.0,57.0,3086.0,3687.0,5.0,1.0,11.0,9234.0,34.0
93,Aude,2013,1793.0,410.0,118.0,150.0,5.0,2878.0,2704.0,8.0,2.0,22.0,8139.0,49.0
94,Aude,2014,2064.0,467.0,129.0,111.0,7.0,2968.0,2470.0,11.0,0.0,35.0,8298.0,36.0
95,Aude,2015,2711.0,580.0,211.0,149.0,20.0,2485.0,2650.0,7.0,5.0,62.0,8928.0,48.0
96,Aude,2016,2752.0,995.0,293.0,153.0,43.0,2377.0,2601.0,1.0,1.0,88.0,9315.0,11.0
97,Aude,2017,3014.0,1359.0,344.0,311.0,79.0,1858.0,2808.0,0.0,0.0,99.0,9876.0,4.0
98,Aude,2018,3868.0,1849.0,447.0,440.0,107.0,1459.0,2543.0,1.0,5.0,124.0,10869.0,26.0
99,Aude,2019,3965.0,1682.0,606.0,456.0,182.0,1269.0,2553.0,1.0,3.0,226.0,10989.0,46.0
100,Aveyron,2010,1176.0,234.0,135.0,10.0,4.0,2948.0,2691.0,274.0,0.0,0.0,7475.0,0.0
101,Aveyron,2011,1133.0,272.0,110.0,16.0,3.0,2412.0,2809.0,51.0,3.0,3.0,6812.0,0.0
102,Aveyron,2012,883.0,241.0,111.0,6.0,31.0,2004.0,2504.0,4.0,4.0,21.0,5845.0,36.0
103,Aveyron,2013,1034.0,324.0,128.0,86.0,2.0,2044.0,2149.0,4.0,2.0,9.0,5820.0,38.0
104,Aveyron,2014,1174.0,348.0,141.0,68.0,5.0,1942.0,1927.0,4.0,2.0,23.0,5662.0,28.0
105,Aveyron,2015,1462.0,513.0,180.0,67.0,9.0,1808.0,1954.0,1.0,0.0,49.0,6111.0,68.0
106,Aveyron,2016,1533.0,756.0,261.0,96.0,27.0,1615.0,2077.0,0.0,0.0,68.0,6448.0,15.0
107,Aveyron,2017,1549.0,972.0,310.0,207.0,35.0,1285.0,2044.0,0.0,1.0,89.0,6503.0,10.0
108,Aveyron,2018,1873.0,1228.0,345.0,233.0,38.0,1069.0,1980.0,3.0,3.0,90.0,6871.0,9.0
109,Aveyron,2019,1900.0,1130.0,518.0,206.0,75.0,943.0,1988.0,3.0,1.0,131.0,6927.0,32.0
110,Bas-Rhin,2010,6729.0,2002.0,949.0,162.0,53.0,11513.0,12841.0,1041.0,2.0,1.0,35313.0,0.0
111,Bas-Rhin,2011,6204.0,2309.0,1012.0,209.0,37.0,10071.0,14324.0,166.0,1.0,41.0,34379.0,0.0
112,Bas-Rhin,2012,5099.0,1889.0,909.0,52.0,266.0,8119.0,12136.0,21.0,5.0,123.0,28772.0,147.0
113,Bas-Rhin,2013,5509.0,2164.0,938.0,658.0,49.0,7874.0,9731.0,19.0,18.0,358.0,27566.0,243.0
114,Bas-Rhin,2014,5970.0,2422.0,936.0,604.0,79.0,7812.0,8892.0,17.0,11.0,178.0,27090.0,167.0
115,Bas-Rhin,2015,6846.0,2990.0,1539.0,548.0,192.0,6854.0,10117.0,8.0,9.0,253.0,29677.0,312.0
116,Bas-Rhin,2016,7685.0,4082.0,1974.0,685.0,336.0,6461.0,11142.0,2.0,4.0,405.0,32854.0,75.0
117,Bas-Rhin,2017,8474.0,5606.0,2593.0,1118.0,403.0,5656.0,11225.0,5.0,6.0,531.0,35645.0,25.0
118,Bas-Rhin,2018,9764.0,6934.0,2940.0,1276.0,533.0,4218.0,10287.0,23.0,14.0,561.0,36616.0,56.0
119,Bas-Rhin,2019,9894.0,7694.0,4134.0,1415.0,815.0,2890.0,12105.0,9.0,23.0,828.0,40043.0,227.0
120,Bouches-du-Rhône,2010,14915.0,2869.0,1432.0,223.0,100.0,24280.0,20014.0,2479.0,9.0,1.0,66328.0,0.0
121,Bouches-du-Rhône,2011,14467.0,3110.0,1436.0,322.0,74.0,21916.0,21870.0,364.0,4.0,29.0,63596.0,0.0
122,Bouches-du-Rhône,2012,12300.0,2659.0,1354.0,78.0,348.0,17433.0,19604.0,48.0,9.0,163.0,54246.0,210.0
123,Bouches-du-Rhône,2013,13335.0,3027.0,1354.0,738.0,60.0,16885.0,15541.0,31.0,23.0,303.0,51643.0,322.0
124,Bouches-du-Rhône,2014,14497.0,3331.0,1397.0,731.0,69.0,16389.0,14527.0,32.0,17.0,289.0,51517.0,215.0
125,Bouches-du-Rhône,2015,17420.0,4249.0,1940.0,816.0,211.0,14103.0,14588.0,18.0,13.0,455.0,54201.0,378.0
126,Bouches-du-Rhône,2016,18317.0,6163.0,2515.0,936.0,389.0,12405.0,15176.0,4.0,3.0,623.0,56645.0,83.0
127,Bouches-du-Rhône,2017,18088.0,8210.0,3130.0,1715.0,564.0,11071.0,15762.0,13.0,14.0,774.0,59394.0,36.0
128,Bouches-du-Rhône,2018,19463.0,10238.0,3461.0,2290.0,823.0,7586.0,14340.0,18.0,21.0,1082.0,59412.0,81.0
129,Bouches-du-Rhône,2019,20743.0,10641.0,5058.0,1988.0,1289.0,5431.0,13731.0,14.0,15.0,2313.0,61626.0,383.0
130,Calvados,2010,4619.0,828.0,372.0,52.0,38.0,7696.0,7677.0,1054.0,4.0,0.0,22340.0,0.0
131,Calvados,2011,4653.0,1083.0,442.0,114.0,31.0,6713.0,8515.0,85.0,1.0,13.0,21651.0,0.0
132,Calvados,2012,3695.0,929.0,376.0,41.0,162.0,6038.0,7512.0,18.0,1.0,33.0,18928.0,123.0
133,Calvados,2013,4102.0,1101.0,382.0,297.0,69.0,5744.0,6076.0,12.0,10.0,51.0,17979.0,135.0
134,Calvados,2014,4381.0,1163.0,401.0,262.0,74.0,5409.0,5652.0,11.0,5.0,80.0,17573.0,135.0
135,Calvados,2015,5622.0,1555.0,532.0,286.0,119.0,4821.0,5780.0,15.0,0.0,124.0,19070.0,214.0
136,Calvados,2016,6048.0,2330.0,781.0,379.0,180.0,4501.0,6057.0,1.0,1.0,223.0,20557.0,56.0
137,Calvados,2017,6978.0,3211.0,996.0,660.0,207.0,3858.0,6099.0,3.0,2.0,221.0,22249.0,14.0
138,Calvados,2018,8563.0,4096.0,1152.0,880.0,303.0,2764.0,5207.0,10.0,18.0,258.0,23276.0,25.0
139,Calvados,2019,8514.0,3949.0,1552.0,659.0,446.0,2178.0,5735.0,4.0,8.0,388.0,23562.0,129.0
140,Cantal,2010,700.0,187.0,89.0,14.0,2.0,1695.0,1627.0,173.0,1.0,0.0,4488.0,0.0
141,Cantal,2011,756.0,216.0,64.0,15.0,2.0,1462.0,1794.0,18.0,0.0,2.0,4329.0,0.0
142,Cantal,2012,639.0,156.0,47.0,4.0,22.0,1268.0,1459.0,6.0,1.0,0.0,3620.0,17.0
143,Cantal,2013,679.0,214.0,65.0,54.0,4.0,1169.0,1228.0,4.0,3.0,12.0,3458.0,26.0
144,Cantal,2014,826.0,260.0,71.0,37.0,8.0,1096.0,1262.0,1.0,0.0,12.0,3581.0,8.0
145,Cantal,2015,987.0,334.0,117.0,38.0,12.0,895.0,1235.0,0.0,1.0,18.0,3664.0,27.0
146,Cantal,2016,1038.0,469.0,173.0,72.0,27.0,830.0,1161.0,1.0,1.0,34.0,3814.0,8.0
147,Cantal,2017,1009.0,683.0,215.0,101.0,37.0,770.0,1175.0,1.0,1.0,29.0,4022.0,1.0
148,Cantal,2018,1377.0,817.0,235.0,126.0,37.0,456.0,1080.0,1.0,0.0,52.0,4183.0,2.0
149,Cantal,2019,1373.0,770.0,277.0,121.0,72.0,428.0,1118.0,1.0,2.0,54.0,4227.0,11.0
150,Charente,2010,1578.0,328.0,146.0,24.0,11.0,3382.0,3446.0,404.0,0.0,0.0,9319.0,0.0
151,Charente,2011,1543.0,350.0,151.0,68.0,8.0,3071.0,3629.0,52.0,0.0,14.0,8886.0,0.0
152,Charente,2012,1171.0,360.0,138.0,26.0,75.0,2677.0,3233.0,12.0,0.0,49.0,7780.0,37.0
153,Charente,2013,1327.0,386.0,126.0,131.0,8.0,2352.0,2760.0,8.0,2.0,29.0,7197.0,68.0
154,Charente,2014,1601.0,434.0,139.0,127.0,5.0,2327.0,2493.0,4.0,13.0,56.0,7233.0,33.0
155,Charente,2015,2026.0,658.0,234.0,121.0,17.0,2361.0,2600.0,0.0,1.0,79.0,8162.0,65.0
156,Charente,2016,2304.0,916.0,331.0,149.0,45.0,1924.0,2735.0,0.0,0.0,106.0,8527.0,17.0
157,Charente,2017,2265.0,1342.0,385.0,286.0,71.0,1695.0,2584.0,2.0,3.0,114.0,8753.0,6.0
158,Charente,2018,3206.0,1556.0,365.0,392.0,83.0,1209.0,2312.0,9.0,5.0,158.0,9307.0,12.0
159,Charente,2019,3481.0,1367.0,523.0,342.0,158.0,940.0,2533.0,2.0,3.0,211.0,9594.0,34.0
160,Charente-Maritime,2010,4006.0,841.0,350.0,87.0,22.0,7074.0,7163.0,822.0,2.0,0.0,20368.0,0.0
161,Charente-Maritime,2011,3807.0,902.0,359.0,152.0,21.0,6133.0,7631.0,154.0,1.0,42.0,19202.0,0.0
162,Charente-Maritime,2012,3063.0,778.0,354.0,30.0,180.0,5091.0,6761.0,13.0,3.0,53.0,16402.0,74.0
163,Charente-Maritime,2013,3404.0,1015.0,314.0,363.0,44.0,5094.0,5426.0,21.0,6.0,97.0,15888.0,103.0
164,Charente-Maritime,2014,4211.0,1122.0,328.0,319.0,63.0,4620.0,5110.0,18.0,7.0,74.0,15948.0,76.0
165,Charente-Maritime,2015,5213.0,1622.0,548.0,410.0,90.0,4363.0,5080.0,19.0,5.0,180.0,17665.0,134.0
166,Charente-Maritime,2016,5440.0,2395.0,744.0,462.0,185.0,3644.0,5380.0,0.0,2.0,225.0,18507.0,30.0
167,Charente-Maritime,2017,5793.0,3166.0,986.0,642.0,216.0,3154.0,5329.0,5.0,7.0,225.0,19535.0,12.0
168,Charente-Maritime,2018,7544.0,4028.0,1111.0,973.0,329.0,2370.0,5038.0,17.0,12.0,334.0,21797.0,41.0
169,Charente-Maritime,2019,8069.0,3841.0,1672.0,802.0,472.0,1969.0,5142.0,10.0,9.0,449.0,22578.0,143.0
170,Cher,2010,1741.0,382.0,127.0,22.0,6.0,3026.0,3349.0,207.0,0.0,0.0,8861.0,0.0
171,Cher,2011,1568.0,380.0,153.0,43.0,6.0,2565.0,3568.0,24.0,0.0,6.0,8313.0,0.0
172,Cher,2012,1282.0,375.0,139.0,15.0,49.0,2323.0,3121.0,4.0,0.0,9.0,7347.0,26.0
173,Cher,2013,1324.0,413.0,139.0,93.0,6.0,2000.0,2447.0,6.0,3.0,31.0,6495.0,31.0
174,Cher,2014,1511.0,449.0,112.0,100.0,13.0,1998.0,2199.0,6.0,2.0,48.0,6476.0,37.0
175,Cher,2015,1883.0,723.0,156.0,112.0,35.0,1878.0,2216.0,4.0,3.0,78.0,7162.0,74.0
176,Cher,2016,2031.0,859.0,262.0,109.0,48.0,1471.0,2322.0,0.0,0.0,79.0,7207.0,25.0
177,Cher,2017,1919.0,1174.0,346.0,181.0,46.0,1167.0,2253.0,1.0,0.0,73.0,7163.0,3.0
178,Cher,2018,2469.0,1379.0,332.0,301.0,57.0,1017.0,2109.0,3.0,4.0,87.0,7772.0,14.0
179,Cher,2019,2595.0,1269.0,483.0,240.0,105.0,698.0,1957.0,0.0,1.0,143.0,7543.0,51.0
180,Corrèze,2010,1527.0,294.0,123.0,18.0,10.0,3247.0,2901.0,273.0,2.0,0.0,8395.0,0.0
181,Corrèze,2011,1419.0,334.0,109.0,25.0,6.0,3072.0,3127.0,52.0,2.0,5.0,8151.0,0.0
182,Corrèze,2012,1201.0,284.0,108.0,7.0,40.0,2507.0,2937.0,7.0,1.0,18.0,7136.0,26.0
183,Corrèze,2013,1278.0,353.0,109.0,77.0,2.0,2372.0,2562.0,13.0,2.0,19.0,6831.0,44.0
184,Corrèze,2014,1635.0,479.0,110.0,89.0,8.0,2536.0,2279.0,6.0,4.0,27.0,7197.0,24.0
185,Corrèze,2015,2129.0,726.0,202.0,82.0,9.0,2098.0,2344.0,3.0,3.0,63.0,7719.0,60.0
186,Corrèze,2016,2382.0,989.0,300.0,102.0,35.0,1955.0,2535.0,0.0,1.0,63.0,8375.0,13.0
187,Corrèze,2017,2658.0,1393.0,345.0,172.0,40.0,1503.0,2513.0,2.0,4.0,78.0,8711.0,3.0
188,Corrèze,2018,2594.0,1594.0,348.0,214.0,60.0,1018.0,2129.0,7.0,2.0,102.0,8083.0,14.0
189,Corrèze,2019,2579.0,1286.0,488.0,167.0,116.0,884.0,2085.0,10.0,4.0,120.0,7781.0,42.0
190,Corse-du-Sud,2010,2736.0,1053.0,249.0,11.0,3.0,3717.0,2784.0,107.0,1.0,0.0,10661.0,0.0
191,Corse-du-Sud,2011,2314.0,1186.0,311.0,11.0,2.0,4382.0,3012.0,29.0,2.0,4.0,11253.0,0.0
192,Corse-du-Sud,2012,2123.0,679.0,170.0,23.0,2.0,4726.0,2831.0,1.0,1.0,3.0,10582.0,22.0
193,Corse-du-Sud,2013,2213.0,700.0,177.0,44.0,3.0,4010.0,3009.0,2.0,6.0,12.0,10192.0,16.0
194,Corse-du-Sud,2014,2537.0,575.0,230.0,28.0,4.0,4318.0,2536.0,1.0,1.0,21.0,10264.0,13.0
195,Corse-du-Sud,2015,3703.0,885.0,260.0,35.0,11.0,3162.0,2785.0,0.0,0.0,20.0,10997.0,136.0
196,Corse-du-Sud,2016,4730.0,1256.0,345.0,71.0,32.0,2979.0,2796.0,0.0,0.0,26.0,12238.0,3.0
197,Corse-du-Sud,2017,5796.0,1774.0,440.0,205.0,40.0,3029.0,2476.0,1.0,0.0,48.0,13811.0,2.0
198,Corse-du-Sud,2018,6704.0,2671.0,528.0,276.0,64.0,2006.0,2269.0,0.0,1.0,70.0,14589.0,0.0
199,Corse-du-Sud,2019,6928.0,2390.0,839.0,275.0,98.0,1875.0,2065.0,1.0,6.0,86.0,14586.0,23.0
200,Creuse,2010,474.0,100.0,42.0,10.0,1.0,1459.0,1091.0,137.0,2.0,0.0,3316.0,0.0
201,Creuse,2011,495.0,108.0,44.0,13.0,0.0,1140.0,1148.0,22.0,0.0,1.0,2971.0,0.0
202,Creuse,2012,384.0,94.0,29.0,6.0,18.0,981.0,937.0,2.0,1.0,3.0,2466.0,11.0
203,Creuse,2013,372.0,98.0,33.0,35.0,1.0,933.0,740.0,3.0,2.0,7.0,2233.0,9.0
204,Creuse,2014,499.0,128.0,30.0,22.0,3.0,980.0,803.0,4.0,0.0,12.0,2493.0,12.0
205,Creuse,2015,600.0,150.0,48.0,23.0,4.0,822.0,749.0,2.0,1.0,17.0,2445.0,29.0
206,Creuse,2016,639.0,239.0,63.0,30.0,14.0,730.0,725.0,0.0,0.0,19.0,2465.0,6.0
207,Creuse,2017,680.0,332.0,89.0,57.0,13.0,598.0,753.0,0.0,2.0,41.0,2565.0,0.0
208,Creuse,2018,889.0,449.0,97.0,98.0,15.0,471.0,774.0,0.0,2.0,29.0,2825.0,1.0
209,Creuse,2019,953.0,362.0,145.0,69.0,34.0,387.0,706.0,5.0,1.0,40.0,2706.0,4.0
210,Côte-d'Or,2010,3292.0,680.0,360.0,47.0,31.0,6298.0,6005.0,607.0,2.0,0.0,17322.0,0.0
211,Côte-d'Or,2011,3200.0,774.0,361.0,94.0,19.0,5316.0,6615.0,59.0,1.0,14.0,16453.0,0.0
212,Côte-d'Or,2012,2620.0,710.0,334.0,35.0,113.0,4209.0,5301.0,12.0,1.0,39.0,13440.0,66.0
213,Côte-d'Or,2013,2908.0,860.0,301.0,302.0,38.0,4030.0,4605.0,14.0,15.0,51.0,13202.0,78.0
214,Côte-d'Or,2014,3105.0,966.0,316.0,214.0,38.0,3934.0,4335.0,16.0,4.0,77.0,13063.0,58.0
215,Côte-d'Or,2015,3766.0,1313.0,483.0,268.0,94.0,3328.0,4163.0,6.0,2.0,136.0,13674.0,115.0
216,Côte-d'Or,2016,3858.0,1719.0,704.0,242.0,144.0,3040.0,4248.0,1.0,2.0,156.0,14155.0,40.0
217,Côte-d'Or,2017,4044.0,2303.0,839.0,405.0,184.0,2670.0,4237.0,1.0,4.0,88.0,14789.0,14.0
218,Côte-d'Or,2018,4581.0,2759.0,903.0,509.0,244.0,2153.0,4111.0,5.0,9.0,181.0,15486.0,31.0
219,Côte-d'Or,2019,4870.0,2775.0,1212.0,447.0,369.0,1579.0,4338.0,7.0,5.0,248.0,15976.0,126.0
220,Côtes-d'Armor,2010,3665.0,590.0,214.0,38.0,13.0,6927.0,5774.0,713.0,0.0,0.0,17934.0,0.0
221,Côtes-d'Armor,2011,3681.0,685.0,189.0,47.0,5.0,6043.0,6213.0,96.0,0.0,10.0,16969.0,0.0
222,Côtes-d'Armor,2012,2667.0,637.0,202.0,23.0,74.0,4655.0,5277.0,14.0,1.0,17.0,13619.0,50.0
223,Côtes-d'Armor,2013,3204.0,841.0,207.0,187.0,12.0,4369.0,4408.0,11.0,11.0,75.0,13401.0,70.0
224,Côtes-d'Armor,2014,3697.0,933.0,199.0,168.0,12.0,4182.0,4040.0,10.0,11.0,59.0,13354.0,43.0
225,Côtes-d'Armor,2015,4395.0,1281.0,308.0,176.0,28.0,3540.0,4017.0,12.0,6.0,106.0,13970.0,99.0
226,Côtes-d'Armor,2016,4729.0,1967.0,518.0,295.0,84.0,3270.0,3941.0,3.0,1.0,172.0,15016.0,35.0
227,Côtes-d'Armor,2017,4972.0,2622.0,624.0,449.0,93.0,2899.0,4006.0,2.0,3.0,207.0,15890.0,12.0
228,Côtes-d'Armor,2018,6419.0,3287.0,665.0,544.0,129.0,2088.0,3573.0,6.0,7.0,228.0,16964.0,18.0
229,Côtes-d'Armor,2019,6487.0,2887.0,965.0,532.0,226.0,1607.0,3977.0,7.0,13.0,274.0,17046.0,67.0
230,Deux-Sèvres,2010,1511.0,283.0,121.0,35.0,6.0,3504.0,3369.0,362.0,1.0,0.0,9196.0,0.0
231,Deux-Sèvres,2011,1479.0,311.0,126.0,57.0,3.0,3212.0,3791.0,48.0,0.0,78.0,9105.0,0.0
232,Deux-Sèvres,2012,1149.0,305.0,107.0,12.0,60.0,2618.0,3195.0,7.0,0.0,190.0,7683.0,36.0
233,Deux-Sèvres,2013,1252.0,376.0,103.0,130.0,8.0,2971.0,2493.0,6.0,3.0,91.0,7475.0,38.0
234,Deux-Sèvres,2014,1570.0,437.0,89.0,135.0,7.0,2780.0,2442.0,4.0,8.0,37.0,7546.0,37.0
235,Deux-Sèvres,2015,1756.0,592.0,152.0,108.0,22.0,2532.0,2232.0,3.0,2.0,65.0,7522.0,58.0
236,Deux-Sèvres,2016,1887.0,901.0,202.0,166.0,52.0,2283.0,2114.0,1.0,1.0,111.0,7761.0,17.0
237,Deux-Sèvres,2017,1882.0,1147.0,255.0,272.0,63.0,2021.0,2257.0,0.0,0.0,105.0,8007.0,4.0
238,Deux-Sèvres,2018,2668.0,1452.0,291.0,327.0,71.0,1503.0,2123.0,2.0,4.0,131.0,8579.0,7.0
239,Deux-Sèvres,2019,2519.0,1201.0,410.0,277.0,134.0,1209.0,2202.0,8.0,4.0,123.0,8113.0,26.0
240,Dordogne,2010,1909.0,564.0,172.0,48.0,14.0,4275.0,3987.0,515.0,6.0,0.0,11490.0,0.0
241,Dordogne,2011,1820.0,579.0,208.0,60.0,10.0,3827.0,4318.0,81.0,7.0,5.0,10917.0,0.0
242,Dordogne,2012,1525.0,384.0,175.0,19.0,80.0,3258.0,3875.0,8.0,5.0,9.0,9390.0,52.0
243,Dordogne,2013,1787.0,451.0,180.0,143.0,12.0,3115.0,3106.0,14.0,7.0,34.0,8923.0,74.0
244,Dordogne,2014,2147.0,534.0,164.0,113.0,11.0,3084.0,2999.0,10.0,6.0,44.0,9151.0,39.0
245,Dordogne,2015,2596.0,797.0,258.0,145.0,24.0,2733.0,3156.0,8.0,1.0,92.0,9885.0,75.0
246,Dordogne,2016,2953.0,1140.0,384.0,188.0,53.0,2421.0,3067.0,1.0,1.0,116.0,10339.0,15.0
247,Dordogne,2017,3094.0,1721.0,458.0,377.0,69.0,2080.0,3125.0,2.0,4.0,164.0,11100.0,6.0
248,Dordogne,2018,3936.0,2148.0,505.0,381.0,111.0,1464.0,2866.0,6.0,6.0,195.0,11640.0,22.0
249,Dordogne,2019,4040.0,1859.0,684.0,371.0,207.0,1173.0,2789.0,21.0,8.0,217.0,11421.0,50.0
250,Doubs,2010,4625.0,1300.0,949.0,42.0,9.0,10969.0,10868.0,548.0,4.0,1.0,29317.0,0.0
251,Doubs,2011,4226.0,1331.0,1033.0,98.0,5.0,9520.0,12082.0,121.0,14.0,15.0,28866.0,0.0
252,Doubs,2012,3699.0,1041.0,708.0,22.0,71.0,9287.0,9877.0,10.0,7.0,72.0,25300.0,506.0
253,Doubs,2013,3949.0,1437.0,847.0,227.0,11.0,8251.0,8691.0,11.0,4.0,39.0,24113.0,646.0
254,Doubs,2014,4561.0,1530.0,839.0,203.0,12.0,8436.0,7718.0,8.0,4.0,63.0,23677.0,303.0
255,Doubs,2015,5828.0,1902.0,999.0,240.0,54.0,7071.0,7439.0,5.0,3.0,122.0,24218.0,554.0
256,Doubs,2016,6390.0,2680.0,1073.0,182.0,87.0,5167.0,7553.0,13.0,0.0,130.0,23449.0,174.0
257,Doubs,2017,6292.0,3390.0,1194.0,323.0,86.0,3129.0,6724.0,5.0,2.0,152.0,21320.0,22.0
258,Doubs,2018,6437.0,4332.0,1234.0,448.0,165.0,2047.0,5583.0,16.0,10.0,204.0,20509.0,32.0
259,Doubs,2019,6953.0,4153.0,1520.0,410.0,440.0,1854.0,4911.0,7.0,10.0,287.0,20654.0,109.0
260,Drôme,2010,3086.0,562.0,294.0,45.0,17.0,5661.0,5501.0,682.0,3.0,0.0,15851.0,0.0
261,Drôme,2011,3082.0,728.0,330.0,77.0,9.0,5101.0,6155.0,115.0,3.0,17.0,15618.0,0.0
262,Drôme,2012,2387.0,664.0,299.0,28.0,119.0,4047.0,5074.0,19.0,4.0,44.0,12765.0,78.0
263,Drôme,2013,2819.0,895.0,303.0,191.0,15.0,3882.0,4198.0,12.0,9.0,58.0,12474.0,91.0
264,Drôme,2014,3179.0,934.0,292.0,198.0,22.0,3763.0,3950.0,4.0,9.0,87.0,12492.0,54.0
265,Drôme,2015,3746.0,1247.0,430.0,192.0,50.0,3146.0,3739.0,9.0,3.0,185.0,12870.0,123.0
266,Drôme,2016,3859.0,1702.0,602.0,256.0,83.0,2709.0,3825.0,1.0,3.0,222.0,13297.0,35.0
267,Drôme,2017,3918.0,2336.0,734.0,418.0,117.0,2559.0,3939.0,6.0,9.0,268.0,14314.0,4.0
268,Drôme,2018,4730.0,2832.0,719.0,524.0,134.0,1764.0,3700.0,7.0,4.0,282.0,14721.0,24.0
269,Drôme,2019,4764.0,2586.0,1156.0,486.0,245.0,1243.0,3762.0,5.0,7.0,313.0,14673.0,106.0
270,Essonne,2010,8648.0,2365.0,992.0,220.0,39.0,12241.0,15050.0,1612.0,2.0,1.0,41172.0,0.0
271,Essonne,2011,8651.0,2628.0,1195.0,333.0,34.0,11090.0,16751.0,250.0,1.0,17.0,40954.0,0.0
272,Essonne,2012,6928.0,2253.0,1057.0,130.0,424.0,9327.0,14471.0,23.0,2.0,83.0,34879.0,180.0
273,Essonne,2013,7684.0,2913.0,1008.0,908.0,35.0,7922.0,11529.0,31.0,27.0,162.0,32527.0,308.0
274,Essonne,2014,8228.0,3037.0,1075.0,829.0,69.0,8070.0,11335.0,22.0,14.0,203.0,33090.0,208.0
275,Essonne,2015,10105.0,3832.0,1504.0,1163.0,213.0,6902.0,11385.0,21.0,18.0,413.0,35953.0,397.0
276,Essonne,2016,9976.0,4992.0,2029.0,1137.0,370.0,6227.0,10768.0,4.0,3.0,440.0,36049.0,102.0
277,Essonne,2017,10034.0,6297.0,2436.0,1774.0,433.0,5046.0,10328.0,4.0,14.0,575.0,36974.0,27.0
278,Essonne,2018,11666.0,7545.0,2689.0,2041.0,604.0,3500.0,9743.0,20.0,18.0,623.0,38504.0,55.0
279,Essonne,2019,11526.0,7564.0,3716.0,1940.0,884.0,1939.0,9333.0,20.0,29.0,875.0,38021.0,194.0
280,Eure,2010,3173.0,672.0,318.0,36.0,9.0,6769.0,6854.0,670.0,1.0,0.0,18502.0,0.0
281,Eure,2011,3001.0,775.0,339.0,51.0,6.0,6131.0,7478.0,77.0,2.0,7.0,17867.0,0.0
282,Eure,2012,2496.0,671.0,265.0,24.0,72.0,5011.0,6432.0,9.0,5.0,84.0,15144.0,74.0
283,Eure,2013,2785.0,844.0,265.0,152.0,15.0,4895.0,5094.0,18.0,12.0,49.0,14209.0,80.0
284,Eure,2014,3130.0,877.0,250.0,139.0,15.0,4436.0,4712.0,13.0,8.0,98.0,13754.0,76.0
285,Eure,2015,3931.0,1203.0,415.0,163.0,38.0,3995.0,4638.0,7.0,3.0,164.0,14691.0,134.0
286,Eure,2016,4183.0,1607.0,576.0,192.0,101.0,3542.0,4433.0,3.0,0.0,191.0,14854.0,26.0
287,Eure,2017,4774.0,2348.0,710.0,350.0,139.0,2927.0,4692.0,1.0,1.0,216.0,16166.0,8.0
288,Eure,2018,5745.0,2953.0,817.0,505.0,158.0,2405.0,4400.0,9.0,4.0,249.0,17256.0,11.0
289,Eure,2019,5642.0,2758.0,1174.0,423.0,251.0,1621.0,4340.0,7.0,11.0,318.0,16617.0,72.0
290,Eure-et-Loir,2010,2320.0,626.0,311.0,46.0,6.0,5054.0,5563.0,617.0,1.0,0.0,14545.0,0.0
291,Eure-et-Loir,2011,2378.0,738.0,326.0,42.0,3.0,4612.0,6163.0,93.0,0.0,3.0,14384.0,0.0
292,Eure-et-Loir,2012,2091.0,696.0,284.0,18.0,80.0,3948.0,5379.0,8.0,4.0,29.0,12616.0,78.0
293,Eure-et-Loir,2013,2417.0,770.0,280.0,145.0,15.0,3800.0,4453.0,6.0,8.0,53.0,12039.0,92.0
294,Eure-et-Loir,2014,2675.0,855.0,298.0,154.0,19.0,3632.0,4006.0,11.0,7.0,83.0,11800.0,60.0
295,Eure-et-Loir,2015,3025.0,1097.0,390.0,152.0,34.0,3210.0,3974.0,7.0,0.0,118.0,12112.0,105.0
296,Eure-et-Loir,2016,3255.0,1538.0,556.0,231.0,90.0,2945.0,4155.0,2.0,0.0,161.0,12958.0,24.0
297,Eure-et-Loir,2017,3546.0,2073.0,780.0,361.0,97.0,2389.0,4158.0,2.0,3.0,177.0,13599.0,12.0
298,Eure-et-Loir,2018,4092.0,2474.0,781.0,449.0,157.0,2201.0,3717.0,5.0,6.0,207.0,14112.0,23.0
299,Eure-et-Loir,2019,4437.0,2482.0,1055.0,523.0,189.0,1357.0,3904.0,4.0,2.0,308.0,14334.0,73.0
300,Finistère,2010,6594.0,946.0,303.0,90.0,14.0,11294.0,8942.0,961.0,0.0,0.0,29145.0,0.0
301,Finistère,2011,6372.0,1171.0,339.0,142.0,6.0,9286.0,9228.0,132.0,3.0,5.0,26687.0,0.0
302,Finistère,2012,4587.0,1029.0,315.0,33.0,146.0,7179.0,8076.0,26.0,1.0,28.0,21480.0,60.0
303,Finistère,2013,5678.0,1263.0,267.0,303.0,15.0,6633.0,6783.0,19.0,10.0,75.0,21118.0,70.0
304,Finistère,2014,6471.0,1519.0,342.0,301.0,21.0,6549.0,5972.0,18.0,19.0,85.0,21349.0,49.0
305,Finistère,2015,7488.0,2099.0,575.0,329.0,32.0,5348.0,5853.0,14.0,5.0,150.0,22040.0,147.0
306,Finistère,2016,7767.0,2917.0,752.0,420.0,113.0,4799.0,5741.0,2.0,3.0,234.0,22802.0,53.0
307,Finistère,2017,7975.0,4069.0,1017.0,653.0,177.0,3861.0,5685.0,4.0,3.0,284.0,23746.0,16.0
308,Finistère,2018,9951.0,4762.0,1030.0,967.0,273.0,2787.0,5160.0,14.0,20.0,304.0,25304.0,36.0
309,Finistère,2019,9822.0,4303.0,1395.0,749.0,414.0,2240.0,5341.0,15.0,10.0,395.0,24803.0,119.0
310,Gard,2010,4414.0,825.0,415.0,65.0,22.0,8472.0,7117.0,779.0,3.0,0.0,22114.0,0.0
311,Gard,2011,4409.0,926.0,429.0,95.0,11.0,7648.0,7794.0,132.0,0.0,9.0,21455.0,0.0
312,Gard,2012,3975.0,847.0,386.0,32.0,117.0,5978.0,6643.0,28.0,4.0,38.0,18130.0,80.0
313,Gard,2013,4330.0,963.0,405.0,266.0,23.0,5602.0,5595.0,14.0,14.0,89.0,17435.0,134.0
314,Gard,2014,4834.0,1150.0,404.0,252.0,29.0,5350.0,5216.0,5.0,13.0,92.0,17389.0,44.0
315,Gard,2015,5668.0,1643.0,635.0,274.0,65.0,4492.0,5157.0,3.0,6.0,170.0,18258.0,145.0
316,Gard,2016,6324.0,2349.0,850.0,304.0,125.0,3921.0,5059.0,1.0,1.0,205.0,19175.0,29.0
317,Gard,2017,6673.0,3487.0,923.0,692.0,168.0,3338.0,5223.0,4.0,2.0,282.0,20798.0,6.0
318,Gard,2018,7069.0,3727.0,1135.0,876.0,294.0,2232.0,4713.0,14.0,4.0,327.0,20410.0,19.0
319,Gard,2019,7697.0,3939.0,1534.0,771.0,354.0,1835.0,4428.0,10.0,9.0,445.0,21121.0,99.0
320,Gers,2010,888.0,147.0,66.0,21.0,4.0,2457.0,1941.0,239.0,2.0,0.0,5766.0,0.0
321,Gers,2011,873.0,160.0,71.0,18.0,1.0,2091.0,2037.0,25.0,2.0,3.0,5282.0,0.0
322,Gers,2012,699.0,134.0,59.0,7.0,38.0,1768.0,1767.0,5.0,0.0,9.0,4509.0,20.0
323,Gers,2013,831.0,161.0,73.0,91.0,3.0,1719.0,1474.0,2.0,1.0,19.0,4403.0,29.0
324,Gers,2014,912.0,154.0,45.0,79.0,3.0,1675.0,1352.0,5.0,1.0,20.0,4288.0,27.0
325,Gers,2015,1076.0,304.0,86.0,79.0,12.0,1509.0,1412.0,1.0,1.0,35.0,4565.0,44.0
326,Gers,2016,1281.0,394.0,124.0,136.0,39.0,1321.0,1372.0,0.0,0.0,56.0,4742.0,12.0
327,Gers,2017,1266.0,596.0,169.0,166.0,41.0,1086.0,1397.0,3.0,5.0,82.0,4828.0,5.0
328,Gers,2018,1564.0,788.0,154.0,209.0,45.0,821.0,1268.0,1.0,3.0,111.0,4969.0,5.0
329,Gers,2019,1623.0,669.0,238.0,178.0,78.0,568.0,1343.0,1.0,2.0,129.0,4847.0,18.0
330,Gironde,2010,9690.0,1947.0,864.0,134.0,56.0,15277.0,15267.0,2222.0,3.0,0.0,45472.0,0.0
331,Gironde,2011,9272.0,2058.0,892.0,237.0,48.0,14104.0,16462.0,368.0,4.0,26.0,43475.0,0.0
332,Gironde,2012,7607.0,1798.0,830.0,81.0,302.0,11790.0,14393.0,60.0,8.0,81.0,37133.0,179.0
333,Gironde,2013,9371.0,2289.0,841.0,614.0,71.0,11837.0,11994.0,54.0,60.0,168.0,37598.0,298.0
334,Gironde,2014,9693.0,2490.0,907.0,643.0,98.0,10952.0,10789.0,44.0,21.0,240.0,36079.0,198.0
335,Gironde,2015,11354.0,3325.0,1301.0,681.0,170.0,10143.0,10984.0,45.0,23.0,430.0,38798.0,325.0
336,Gironde,2016,12592.0,4860.0,1745.0,884.0,365.0,9156.0,11246.0,2.0,4.0,599.0,41519.0,66.0
337,Gironde,2017,13159.0,6411.0,2214.0,1623.0,506.0,9204.0,11728.0,16.0,10.0,635.0,45534.0,27.0
338,Gironde,2018,15344.0,7969.0,2344.0,2285.0,734.0,6550.0,11297.0,42.0,39.0,740.0,47409.0,65.0
339,Gironde,2019,17014.0,7683.0,3469.0,1895.0,1105.0,4468.0,12161.0,29.0,38.0,1050.0,49196.0,274.0
340,Haut-Rhin,2010,5545.0,1602.0,864.0,75.0,36.0,9892.0,10243.0,687.0,4.0,0.0,28956.0,0.0
341,Haut-Rhin,2011,5477.0,1916.0,1039.0,124.0,34.0,8583.0,11368.0,92.0,1.0,23.0,28665.0,0.0
342,Haut-Rhin,2012,4528.0,1682.0,894.0,49.0,177.0,6974.0,9501.0,10.0,3.0,120.0,24149.0,210.0
343,Haut-Rhin,2013,4707.0,2014.0,907.0,287.0,65.0,6221.0,7690.0,7.0,8.0,362.0,22550.0,278.0
344,Haut-Rhin,2014,5287.0,2284.0,1000.0,287.0,77.0,5595.0,6936.0,13.0,8.0,136.0,21800.0,167.0
345,Haut-Rhin,2015,6164.0,2581.0,1294.0,313.0,146.0,4807.0,7111.0,1.0,4.0,196.0,22929.0,307.0
346,Haut-Rhin,2016,6549.0,3385.0,1723.0,362.0,176.0,4046.0,7063.0,2.0,0.0,293.0,23666.0,65.0
347,Haut-Rhin,2017,7047.0,4316.0,1996.0,567.0,262.0,3504.0,7285.0,2.0,2.0,337.0,25355.0,31.0
348,Haut-Rhin,2018,7584.0,5676.0,2066.0,676.0,444.0,2572.0,6610.0,8.0,6.0,441.0,26122.0,35.0
349,Haut-Rhin,2019,7680.0,5549.0,2762.0,630.0,532.0,1891.0,5989.0,12.0,13.0,635.0,25829.0,136.0
350,Haute-Corse,2010,3253.0,1184.0,178.0,10.0,6.0,5216.0,4597.0,86.0,0.0,0.0,14530.0,0.0
351,Haute-Corse,2011,3536.0,654.0,174.0,17.0,5.0,5351.0,5547.0,10.0,1.0,6.0,15301.0,0.0
352,Haute-Corse,2012,1559.0,389.0,170.0,27.0,6.0,7345.0,5549.0,1.0,2.0,5.0,15064.0,11.0
353,Haute-Corse,2013,2301.0,987.0,146.0,50.0,5.0,6246.0,4673.0,1.0,1.0,5.0,14437.0,22.0
354,Haute-Corse,2014,3036.0,733.0,156.0,38.0,7.0,6784.0,4421.0,0.0,1.0,6.0,15196.0,14.0
355,Haute-Corse,2015,4195.0,1618.0,232.0,41.0,26.0,4666.0,4284.0,4.0,1.0,11.0,15325.0,247.0
356,Haute-Corse,2016,5682.0,2026.0,513.0,78.0,38.0,4888.0,4899.0,0.0,0.0,22.0,18156.0,10.0
357,Haute-Corse,2017,6369.0,2757.0,695.0,119.0,48.0,4824.0,5323.0,0.0,0.0,42.0,20179.0,2.0
358,Haute-Corse,2018,6998.0,4221.0,956.0,174.0,61.0,2913.0,4217.0,0.0,2.0,44.0,19642.0,56.0
359,Haute-Corse,2019,6282.0,4910.0,1805.0,126.0,86.0,2601.0,4173.0,3.0,0.0,87.0,20105.0,32.0
360,Haute-Garonne,2010,8142.0,1601.0,736.0,131.0,65.0,14543.0,14483.0,1707.0,7.0,1.0,41425.0,0.0
361,Haute-Garonne,2011,7853.0,1712.0,845.0,212.0,36.0,13453.0,15272.0,330.0,5.0,25.0,39753.0,0.0
362,Haute-Garonne,2012,6451.0,1580.0,727.0,74.0,258.0,10889.0,13479.0,36.0,8.0,79.0,33784.0,203.0
363,Haute-Garonne,2013,7273.0,1963.0,713.0,564.0,61.0,10834.0,11247.0,26.0,28.0,173.0,33176.0,293.0
364,Haute-Garonne,2014,8330.0,2201.0,756.0,640.0,97.0,10194.0,10733.0,32.0,27.0,237.0,33419.0,171.0
365,Haute-Garonne,2015,9632.0,3238.0,1150.0,578.0,149.0,9148.0,10752.0,29.0,20.0,399.0,35458.0,361.0
366,Haute-Garonne,2016,10540.0,4479.0,1600.0,725.0,264.0,8393.0,10928.0,2.0,5.0,620.0,37648.0,89.0
367,Haute-Garonne,2017,11258.0,6058.0,2008.0,1195.0,394.0,7220.0,11409.0,12.0,10.0,677.0,40262.0,18.0
368,Haute-Garonne,2018,13596.0,7530.0,2374.0,1644.0,548.0,4814.0,10295.0,25.0,34.0,970.0,41874.0,44.0
369,Haute-Garonne,2019,14262.0,7681.0,3421.0,1326.0,998.0,3459.0,10413.0,37.0,26.0,1246.0,43137.0,264.0
370,Haute-Loire,2010,1181.0,188.0,105.0,13.0,2.0,2578.0,2051.0,333.0,1.0,0.0,6452.0,0.0
371,Haute-Loire,2011,1193.0,248.0,92.0,12.0,3.0,2149.0,2205.0,65.0,0.0,3.0,5971.0,0.0
372,Haute-Loire,2012,809.0,257.0,94.0,4.0,26.0,1705.0,1919.0,5.0,2.0,10.0,4872.0,41.0
373,Haute-Loire,2013,1006.0,353.0,113.0,55.0,2.0,1479.0,1630.0,8.0,8.0,12.0,4719.0,53.0
374,Haute-Loire,2014,1085.0,372.0,74.0,44.0,3.0,1423.0,1392.0,9.0,4.0,11.0,4449.0,32.0
375,Haute-Loire,2015,1388.0,500.0,140.0,36.0,14.0,1167.0,1434.0,6.0,2.0,46.0,4781.0,48.0
376,Haute-Loire,2016,1460.0,683.0,213.0,77.0,31.0,976.0,1428.0,2.0,0.0,59.0,4946.0,17.0
377,Haute-Loire,2017,1527.0,915.0,259.0,122.0,32.0,727.0,1540.0,4.0,1.0,61.0,5204.0,3.0
378,Haute-Loire,2018,1981.0,1188.0,304.0,157.0,41.0,637.0,1394.0,7.0,3.0,70.0,5803.0,20.0
379,Haute-Loire,2019,1800.0,1049.0,418.0,160.0,71.0,470.0,1412.0,6.0,3.0,90.0,5513.0,34.0
380,Haute-Marne,2010,949.0,194.0,93.0,5.0,5.0,2037.0,1877.0,239.0,3.0,0.0,5402.0,0.0
381,Haute-Marne,2011,918.0,216.0,88.0,13.0,1.0,1623.0,2146.0,39.0,3.0,3.0,5050.0,0.0
382,Haute-Marne,2012,791.0,219.0,81.0,4.0,28.0,1396.0,1814.0,6.0,1.0,14.0,4378.0,24.0
383,Haute-Marne,2013,821.0,246.0,87.0,45.0,8.0,1307.0,1523.0,13.0,1.0,11.0,4091.0,29.0
384,Haute-Marne,2014,918.0,283.0,72.0,18.0,5.0,1283.0,1361.0,4.0,3.0,26.0,3995.0,22.0
385,Haute-Marne,2015,992.0,322.0,110.0,19.0,8.0,1113.0,1249.0,2.0,1.0,32.0,3881.0,32.0
386,Haute-Marne,2016,1109.0,471.0,158.0,58.0,16.0,985.0,1291.0,1.0,0.0,31.0,4131.0,11.0
387,Haute-Marne,2017,1180.0,669.0,198.0,104.0,27.0,823.0,1292.0,0.0,1.0,35.0,4331.0,2.0
388,Haute-Marne,2018,1500.0,866.0,194.0,129.0,41.0,630.0,1054.0,7.0,2.0,48.0,4478.0,7.0
389,Haute-Marne,2019,1595.0,761.0,285.0,116.0,42.0,570.0,1149.0,4.0,6.0,61.0,4615.0,26.0
390,Haute-Savoie,2010,6275.0,1971.0,1060.0,115.0,69.0,8844.0,10508.0,1062.0,3.0,1.0,29910.0,0.0
391,Haute-Savoie,2011,6080.0,2004.0,1186.0,239.0,44.0,7919.0,11997.0,164.0,2.0,12.0,29652.0,0.0
392,Haute-Savoie,2012,5698.0,1935.0,1255.0,64.0,293.0,6830.0,11068.0,29.0,3.0,32.0,27369.0,159.0
393,Haute-Savoie,2013,6796.0,2384.0,1255.0,568.0,67.0,6064.0,9203.0,25.0,9.0,103.0,26721.0,245.0
394,Haute-Savoie,2014,6897.0,2618.0,1162.0,548.0,80.0,5694.0,8033.0,15.0,13.0,135.0,25359.0,164.0
395,Haute-Savoie,2015,7757.0,3440.0,1650.0,501.0,192.0,5006.0,8706.0,15.0,10.0,230.0,27718.0,210.0
396,Haute-Savoie,2016,8290.0,4289.0,2319.0,726.0,319.0,4265.0,9014.0,3.0,3.0,424.0,29713.0,56.0
397,Haute-Savoie,2017,8801.0,5528.0,2627.0,1233.0,427.0,3509.0,8778.0,6.0,11.0,465.0,31402.0,11.0
398,Haute-Savoie,2018,9609.0,6499.0,2667.0,1609.0,516.0,2789.0,8566.0,15.0,15.0,730.0,33058.0,32.0
399,Haute-Savoie,2019,9691.0,6400.0,3386.0,1351.0,829.0,1710.0,8501.0,12.0,18.0,909.0,33020.0,204.0
400,Haute-Saône,2010,1188.0,255.0,149.0,12.0,5.0,3429.0,2835.0,215.0,1.0,0.0,8090.0,0.0
401,Haute-Saône,2011,1050.0,323.0,147.0,14.0,5.0,2835.0,2980.0,44.0,0.0,2.0,7400.0,0.0
402,Haute-Saône,2012,872.0,267.0,120.0,3.0,21.0,2397.0,2346.0,2.0,2.0,16.0,6085.0,39.0
403,Haute-Saône,2013,1061.0,376.0,121.0,46.0,4.0,2071.0,1943.0,7.0,4.0,15.0,5696.0,45.0
404,Haute-Saône,2014,1241.0,375.0,140.0,26.0,6.0,2015.0,1760.0,4.0,2.0,20.0,5626.0,37.0
405,Haute-Saône,2015,1610.0,560.0,166.0,29.0,17.0,1603.0,1593.0,3.0,2.0,36.0,5693.0,73.0
406,Haute-Saône,2016,1909.0,818.0,219.0,43.0,19.0,1245.0,1671.0,0.0,1.0,45.0,5983.0,12.0
407,Haute-Saône,2017,1912.0,943.0,263.0,66.0,36.0,941.0,1533.0,0.0,2.0,49.0,5747.0,2.0
408,Haute-Saône,2018,2104.0,1337.0,264.0,84.0,46.0,704.0,1503.0,5.0,1.0,53.0,6112.0,11.0
409,Haute-Saône,2019,2220.0,1134.0,419.0,111.0,43.0,618.0,1317.0,5.0,3.0,80.0,5976.0,25.0
410,Haute-Vienne,2010,1946.0,467.0,189.0,42.0,5.0,4468.0,3983.0,300.0,1.0,0.0,11402.0,0.0
411,Haute-Vienne,2011,2064.0,515.0,176.0,49.0,9.0,3861.0,4278.0,43.0,3.0,4.0,11002.0,0.0
412,Haute-Vienne,2012,1554.0,468.0,156.0,18.0,72.0,3149.0,3700.0,8.0,1.0,18.0,9182.0,38.0
413,Haute-Vienne,2013,1863.0,575.0,185.0,153.0,5.0,4012.0,3356.0,6.0,8.0,29.0,10239.0,45.0
414,Haute-Vienne,2014,2135.0,707.0,209.0,215.0,18.0,3876.0,2866.0,7.0,3.0,72.0,10147.0,39.0
415,Haute-Vienne,2015,2658.0,802.0,295.0,161.0,32.0,2768.0,2732.0,6.0,2.0,95.0,9616.0,64.0
416,Haute-Vienne,2016,2774.0,1157.0,396.0,194.0,66.0,2487.0,2854.0,1.0,1.0,118.0,10072.0,23.0
417,Haute-Vienne,2017,2837.0,1634.0,550.0,255.0,71.0,2061.0,3084.0,0.0,2.0,105.0,10605.0,5.0
418,Haute-Vienne,2018,3489.0,2040.0,575.0,352.0,91.0,1692.0,3144.0,1.0,9.0,116.0,11526.0,17.0
419,Haute-Vienne,2019,3709.0,1845.0,696.0,344.0,171.0,947.0,3149.0,3.0,2.0,157.0,11071.0,48.0
420,Hautes-Alpes,2010,850.0,214.0,87.0,24.0,9.0,1608.0,1672.0,240.0,8.0,0.0,4712.0,0.0
421,Hautes-Alpes,2011,839.0,225.0,102.0,28.0,3.0,1404.0,1874.0,21.0,4.0,1.0,4503.0,0.0
422,Hautes-Alpes,2012,726.0,189.0,81.0,8.0,30.0,1176.0,1566.0,2.0,6.0,3.0,3805.0,18.0
423,Hautes-Alpes,2013,780.0,236.0,96.0,58.0,4.0,923.0,1319.0,2.0,6.0,13.0,3467.0,30.0
424,Hautes-Alpes,2014,979.0,267.0,79.0,51.0,6.0,945.0,1168.0,5.0,3.0,16.0,3535.0,16.0
425,Hautes-Alpes,2015,996.0,366.0,134.0,61.0,12.0,719.0,1162.0,2.0,2.0,39.0,3512.0,19.0
426,Hautes-Alpes,2016,1073.0,485.0,157.0,71.0,32.0,601.0,1184.0,1.0,1.0,51.0,3663.0,7.0
427,Hautes-Alpes,2017,1094.0,668.0,179.0,150.0,47.0,524.0,1097.0,0.0,5.0,60.0,3825.0,1.0
428,Hautes-Alpes,2018,1378.0,700.0,195.0,190.0,49.0,407.0,1086.0,1.0,3.0,55.0,4073.0,9.0
429,Hautes-Alpes,2019,1282.0,685.0,292.0,159.0,108.0,331.0,1044.0,3.0,4.0,85.0,4019.0,26.0
430,Hautes-Pyrénées,2010,1393.0,288.0,107.0,12.0,5.0,2507.0,2258.0,379.0,4.0,0.0,6953.0,0.0
431,Hautes-Pyrénées,2011,1376.0,292.0,103.0,23.0,2.0,2134.0,2459.0,62.0,1.0,4.0,6456.0,0.0
432,Hautes-Pyrénées,2012,1091.0,244.0,105.0,11.0,37.0,1760.0,2173.0,9.0,1.0,7.0,5473.0,35.0
433,Hautes-Pyrénées,2013,1191.0,293.0,104.0,81.0,5.0,1802.0,1636.0,6.0,4.0,18.0,5162.0,22.0
434,Hautes-Pyrénées,2014,1489.0,277.0,88.0,59.0,7.0,1805.0,1636.0,5.0,3.0,14.0,5397.0,14.0
435,Hautes-Pyrénées,2015,1831.0,440.0,153.0,67.0,6.0,1502.0,1656.0,3.0,2.0,74.0,5768.0,33.0
436,Hautes-Pyrénées,2016,1854.0,623.0,217.0,114.0,52.0,1376.0,1740.0,0.0,0.0,78.0,6064.0,10.0
437,Hautes-Pyrénées,2017,2024.0,925.0,210.0,203.0,43.0,1219.0,1771.0,0.0,5.0,80.0,6487.0,7.0
438,Hautes-Pyrénées,2018,2526.0,1135.0,261.0,226.0,54.0,761.0,1584.0,2.0,2.0,102.0,6660.0,7.0
439,Hautes-Pyrénées,2019,2383.0,1035.0,365.0,183.0,89.0,545.0,1556.0,3.0,2.0,125.0,6329.0,39.0
440,Hauts-de-Seine,2010,9868.0,4127.0,2587.0,508.0,189.0,18742.0,33057.0,1005.0,5.0,29.0,70128.0,0.0
441,Hauts-de-Seine,2011,9869.0,4187.0,2489.0,702.0,193.0,20480.0,38463.0,147.0,3.0,725.0,77267.0,0.0
442,Hauts-de-Seine,2012,8063.0,3343.0,2472.0,236.0,971.0,21398.0,33074.0,32.0,4.0,1763.0,71836.0,473.0
443,Hauts-de-Seine,2013,8662.0,3851.0,2358.0,1840.0,230.0,20458.0,26519.0,23.0,26.0,1218.0,65926.0,740.0
444,Hauts-de-Seine,2014,9761.0,4139.0,2269.0,2072.0,390.0,21238.0,26815.0,11.0,16.0,1661.0,69167.0,795.0
445,Hauts-de-Seine,2015,11082.0,5112.0,3112.0,2080.0,649.0,20463.0,27797.0,8.0,13.0,2032.0,73611.0,1263.0
446,Hauts-de-Seine,2016,12079.0,6872.0,4032.0,2273.0,1301.0,21752.0,28569.0,6.0,9.0,1492.0,78632.0,236.0
447,Hauts-de-Seine,2017,12511.0,8778.0,4938.0,2803.0,1653.0,17617.0,30296.0,5.0,9.0,1247.0,79981.0,85.0
448,Hauts-de-Seine,2018,13205.0,11531.0,5859.0,2994.0,2110.0,12488.0,28944.0,15.0,11.0,2179.0,79412.0,71.0
449,Hauts-de-Seine,2019,16110.0,15597.0,8668.0,3384.0,3229.0,6321.0,31096.0,12.0,33.0,1901.0,86897.0,532.0
450,Hérault,2010,6834.0,1325.0,613.0,84.0,56.0,12838.0,10568.0,1236.0,2.0,0.0,33561.0,0.0
451,Hérault,2011,6801.0,1445.0,660.0,190.0,32.0,11183.0,11682.0,242.0,2.0,9.0,32246.0,0.0
452,Hérault,2012,5469.0,1197.0,528.0,65.0,220.0,8730.0,9741.0,43.0,1.0,37.0,26161.0,127.0
453,Hérault,2013,6088.0,1438.0,509.0,436.0,62.0,8323.0,8312.0,22.0,19.0,145.0,25565.0,206.0
454,Hérault,2014,6805.0,1641.0,596.0,475.0,84.0,8019.0,7846.0,24.0,10.0,178.0,25839.0,159.0
455,Hérault,2015,8191.0,2191.0,835.0,657.0,153.0,7250.0,7898.0,16.0,3.0,218.0,27600.0,187.0
456,Hérault,2016,8832.0,3373.0,1125.0,509.0,268.0,6145.0,8300.0,5.0,2.0,301.0,28911.0,50.0
457,Hérault,2017,9790.0,4542.0,1412.0,953.0,341.0,5166.0,8645.0,6.0,2.0,454.0,31336.0,19.0
458,Hérault,2018,10667.0,5605.0,1665.0,1361.0,469.0,3905.0,7913.0,13.0,15.0,466.0,32129.0,45.0
459,Hérault,2019,11524.0,5903.0,2596.0,1123.0,678.0,3400.0,7487.0,10.0,7.0,730.0,33680.0,217.0
460,Ille-et-Vilaine,2010,5535.0,1003.0,331.0,53.0,27.0,10268.0,9799.0,1185.0,2.0,0.0,28204.0,0.0
461,Ille-et-Vilaine,2011,5483.0,1230.0,437.0,128.0,17.0,9138.0,10636.0,195.0,4.0,24.0,27292.0,0.0
462,Ille-et-Vilaine,2012,3743.0,1154.0,404.0,48.0,179.0,7522.0,8850.0,28.0,4.0,56.0,22114.0,123.0
463,Ille-et-Vilaine,2013,4635.0,1353.0,346.0,285.0,37.0,6891.0,7167.0,25.0,15.0,95.0,21023.0,169.0
464,Ille-et-Vilaine,2014,5102.0,1561.0,440.0,328.0,64.0,6871.0,6746.0,24.0,13.0,120.0,21376.0,107.0
465,Ille-et-Vilaine,2015,6202.0,2180.0,597.0,344.0,98.0,6222.0,6530.0,20.0,10.0,211.0,22658.0,239.0
466,Ille-et-Vilaine,2016,6721.0,3002.0,863.0,408.0,186.0,5243.0,6374.0,0.0,2.0,376.0,23221.0,41.0
467,Ille-et-Vilaine,2017,6741.0,4106.0,1176.0,760.0,237.0,5072.0,6619.0,11.0,7.0,374.0,25120.0,15.0
468,Ille-et-Vilaine,2018,8545.0,5289.0,1248.0,1023.0,311.0,4047.0,5967.0,21.0,25.0,493.0,27000.0,30.0
469,Ille-et-Vilaine,2019,8693.0,4740.0,1782.0,949.0,512.0,2780.0,6524.0,24.0,17.0,669.0,26790.0,100.0
470,Indre,2010,971.0,212.0,78.0,31.0,8.0,2013.0,2247.0,221.0,0.0,0.0,5781.0,0.0
471,Indre,2011,964.0,241.0,93.0,46.0,8.0,1928.0,2438.0,43.0,0.0,2.0,5763.0,0.0
472,Indre,2012,735.0,216.0,73.0,11.0,45.0,1521.0,2123.0,5.0,3.0,7.0,4761.0,21.0
473,Indre,2013,777.0,232.0,75.0,81.0,3.0,1453.0,1674.0,2.0,4.0,17.0,4345.0,27.0
474,Indre,2014,951.0,292.0,68.0,61.0,7.0,1630.0,1538.0,2.0,4.0,16.0,4591.0,22.0
475,Indre,2015,1122.0,412.0,98.0,74.0,10.0,1378.0,1561.0,2.0,0.0,43.0,4749.0,49.0
476,Indre,2016,1224.0,585.0,152.0,65.0,30.0,1289.0,1605.0,0.0,0.0,63.0,5026.0,13.0
477,Indre,2017,1330.0,797.0,184.0,132.0,34.0,1135.0,1608.0,1.0,0.0,74.0,5300.0,5.0
478,Indre,2018,1723.0,1033.0,232.0,192.0,32.0,862.0,1486.0,3.0,3.0,72.0,5648.0,10.0
479,Indre,2019,1712.0,860.0,283.0,155.0,82.0,571.0,1494.0,5.0,2.0,98.0,5283.0,21.0
480,Indre-et-Loire,2010,3364.0,785.0,356.0,73.0,20.0,5347.0,5830.0,875.0,1.0,0.0,16652.0,0.0
481,Indre-et-Loire,2011,3507.0,934.0,418.0,102.0,11.0,4931.0,6549.0,131.0,1.0,10.0,16596.0,0.0
482,Indre-et-Loire,2012,2662.0,955.0,313.0,41.0,167.0,3977.0,5780.0,22.0,5.0,37.0,14032.0,72.0
483,Indre-et-Loire,2013,3103.0,1136.0,354.0,274.0,39.0,3989.0,4654.0,23.0,9.0,70.0,13760.0,109.0
484,Indre-et-Loire,2014,3721.0,1361.0,339.0,302.0,49.0,4356.0,4375.0,17.0,14.0,90.0,14674.0,49.0
485,Indre-et-Loire,2015,4232.0,1676.0,597.0,317.0,85.0,3856.0,4383.0,9.0,16.0,196.0,15482.0,115.0
486,Indre-et-Loire,2016,4683.0,2068.0,789.0,360.0,113.0,3324.0,4498.0,0.0,0.0,209.0,16079.0,33.0
487,Indre-et-Loire,2017,4348.0,2676.0,993.0,497.0,129.0,2658.0,4312.0,3.0,5.0,254.0,15883.0,8.0
488,Indre-et-Loire,2018,5099.0,3297.0,1007.0,663.0,179.0,1967.0,3986.0,13.0,13.0,328.0,16583.0,31.0
489,Indre-et-Loire,2019,5491.0,3086.0,1322.0,534.0,330.0,1485.0,4289.0,13.0,18.0,456.0,17110.0,86.0
490,Isère,2010,7368.0,1692.0,717.0,109.0,37.0,13124.0,13102.0,1765.0,4.0,1.0,37927.0,0.0
491,Isère,2011,7210.0,1841.0,791.0,173.0,29.0,11403.0,14606.0,314.0,11.0,23.0,36413.0,0.0
492,Isère,2012,5939.0,1804.0,696.0,59.0,262.0,9322.0,11909.0,34.0,15.0,44.0,30243.0,149.0
493,Isère,2013,6602.0,2240.0,728.0,462.0,68.0,8764.0,9622.0,44.0,18.0,150.0,28936.0,233.0
494,Isère,2014,7586.0,2467.0,743.0,446.0,102.0,7871.0,8880.0,34.0,25.0,168.0,28515.0,190.0
495,Isère,2015,8883.0,3314.0,1132.0,536.0,148.0,7007.0,9266.0,23.0,14.0,337.0,30999.0,337.0
496,Isère,2016,9605.0,4376.0,1533.0,549.0,262.0,5998.0,9215.0,12.0,7.0,490.0,32126.0,75.0
497,Isère,2017,9999.0,5720.0,1967.0,1099.0,377.0,4709.0,9388.0,14.0,24.0,638.0,33952.0,12.0
498,Isère,2018,11778.0,6637.0,2073.0,1409.0,397.0,3658.0,8626.0,39.0,20.0,640.0,35325.0,44.0
499,Isère,2019,11356.0,6221.0,3080.0,1228.0,640.0,2777.0,8320.0,31.0,30.0,849.0,34706.0,169.0
500,Jura,2010,1440.0,371.0,172.0,12.0,6.0,3143.0,2961.0,536.0,1.0,0.0,8647.0,0.0
501,Jura,2011,1478.0,394.0,151.0,26.0,5.0,2888.0,3296.0,69.0,5.0,5.0,8318.0,0.0
502,Jura,2012,1224.0,377.0,158.0,5.0,29.0,2474.0,2720.0,13.0,8.0,6.0,7069.0,55.0
503,Jura,2013,1538.0,473.0,171.0,93.0,6.0,2228.0,2210.0,9.0,8.0,29.0,6829.0,64.0
504,Jura,2014,1612.0,526.0,173.0,96.0,7.0,2104.0,2113.0,12.0,11.0,28.0,6725.0,43.0
505,Jura,2015,1956.0,723.0,254.0,141.0,16.0,1959.0,2244.0,3.0,3.0,61.0,7430.0,70.0
506,Jura,2016,2140.0,967.0,309.0,88.0,36.0,1532.0,2151.0,2.0,1.0,72.0,7320.0,22.0
507,Jura,2017,2131.0,1199.0,359.0,152.0,50.0,1300.0,2289.0,2.0,0.0,71.0,7560.0,7.0
508,Jura,2018,2541.0,1494.0,414.0,194.0,56.0,1060.0,2092.0,1.0,2.0,121.0,7999.0,24.0
509,Jura,2019,2681.0,1327.0,554.0,191.0,80.0,788.0,2118.0,3.0,3.0,131.0,7927.0,51.0
510,Landes,2010,2374.0,528.0,174.0,38.0,9.0,5191.0,4628.0,420.0,3.0,0.0,13367.0,0.0
511,Landes,2011,2350.0,591.0,178.0,52.0,5.0,4704.0,4997.0,64.0,4.0,8.0,12956.0,0.0
512,Landes,2012,1965.0,485.0,140.0,17.0,58.0,3847.0,4131.0,12.0,2.0,19.0,10733.0,56.0
513,Landes,2013,2235.0,619.0,151.0,128.0,15.0,3841.0,3185.0,3.0,8.0,24.0,10279.0,70.0
514,Landes,2014,2628.0,625.0,195.0,117.0,13.0,3615.0,3065.0,7.0,4.0,38.0,10351.0,44.0
515,Landes,2015,3400.0,960.0,258.0,130.0,17.0,3286.0,3189.0,8.0,5.0,73.0,11388.0,61.0
516,Landes,2016,3584.0,1276.0,350.0,187.0,63.0,2760.0,3117.0,1.0,1.0,98.0,11455.0,16.0
517,Landes,2017,3689.0,1863.0,462.0,343.0,83.0,2563.0,3234.0,6.0,4.0,94.0,12348.0,7.0
518,Landes,2018,4525.0,2424.0,456.0,530.0,122.0,1858.0,3208.0,9.0,5.0,141.0,13295.0,17.0
519,Landes,2019,4669.0,2263.0,686.0,638.0,192.0,1272.0,3169.0,4.0,13.0,199.0,13157.0,48.0
520,Loir-et-Cher,2010,1840.0,370.0,150.0,35.0,3.0,3613.0,3754.0,350.0,0.0,0.0,10116.0,0.0
521,Loir-et-Cher,2011,1573.0,449.0,193.0,39.0,5.0,2444.0,3739.0,52.0,0.0,6.0,8501.0,0.0
522,Loir-et-Cher,2012,1367.0,410.0,141.0,11.0,67.0,2055.0,3231.0,10.0,1.0,26.0,7358.0,39.0
523,Loir-et-Cher,2013,1434.0,456.0,145.0,120.0,7.0,1874.0,2372.0,9.0,9.0,23.0,6489.0,40.0
524,Loir-et-Cher,2014,1512.0,533.0,133.0,131.0,14.0,1931.0,2084.0,8.0,4.0,84.0,6455.0,21.0
525,Loir-et-Cher,2015,1743.0,666.0,188.0,129.0,17.0,2409.0,2104.0,6.0,3.0,100.0,7423.0,58.0
526,Loir-et-Cher,2016,1934.0,994.0,303.0,193.0,43.0,1468.0,2227.0,2.0,1.0,128.0,7307.0,14.0
527,Loir-et-Cher,2017,2022.0,1361.0,398.0,243.0,51.0,1112.0,2141.0,0.0,0.0,96.0,7429.0,4.0
528,Loir-et-Cher,2018,2711.0,1647.0,474.0,282.0,90.0,872.0,2160.0,7.0,3.0,104.0,8364.0,14.0
529,Loir-et-Cher,2019,2486.0,1483.0,909.0,246.0,123.0,666.0,2301.0,3.0,3.0,120.0,8390.0,48.0
530,Loire,2010,4391.0,889.0,397.0,39.0,8.0,8469.0,7083.0,949.0,2.0,0.0,22228.0,0.0
531,Loire,2011,4226.0,1005.0,397.0,40.0,6.0,7562.0,7991.0,136.0,0.0,7.0,21390.0,0.0
532,Loire,2012,3355.0,925.0,373.0,17.0,67.0,6267.0,6733.0,22.0,2.0,16.0,17885.0,106.0
533,Loire,2013,4045.0,1153.0,366.0,168.0,15.0,5910.0,5369.0,20.0,19.0,74.0,17273.0,133.0
534,Loire,2014,4443.0,1166.0,390.0,120.0,14.0,5731.0,5174.0,9.0,3.0,83.0,17229.0,90.0
535,Loire,2015,5163.0,1651.0,524.0,153.0,53.0,4932.0,5151.0,8.0,4.0,128.0,17970.0,203.0
536,Loire,2016,5441.0,2331.0,770.0,172.0,91.0,4058.0,5122.0,0.0,1.0,177.0,18211.0,47.0
537,Loire,2017,5918.0,2762.0,938.0,325.0,88.0,3415.0,5410.0,12.0,4.0,187.0,19069.0,7.0
538,Loire,2018,6751.0,3639.0,893.0,565.0,172.0,2411.0,4777.0,18.0,7.0,295.0,19566.0,33.0
539,Loire,2019,6993.0,3234.0,1412.0,470.0,296.0,1923.0,4686.0,15.0,9.0,281.0,19479.0,159.0
540,Loire-Atlantique,2010,8499.0,1653.0,604.0,116.0,48.0,14088.0,13319.0,1947.0,0.0,0.0,40280.0,0.0
541,Loire-Atlantique,2011,8787.0,1809.0,610.0,218.0,31.0,13375.0,14238.0,344.0,3.0,26.0,39489.0,0.0
542,Loire-Atlantique,2012,6167.0,1763.0,579.0,87.0,249.0,9505.0,11651.0,57.0,2.0,44.0,30305.0,140.0
543,Loire-Atlantique,2013,8199.0,2278.0,562.0,555.0,56.0,11119.0,10186.0,48.0,18.0,118.0,33352.0,172.0
544,Loire-Atlantique,2014,8444.0,2406.0,624.0,498.0,90.0,8333.0,8278.0,45.0,19.0,150.0,29007.0,97.0
545,Loire-Atlantique,2015,8636.0,3219.0,949.0,539.0,190.0,7435.0,7922.0,29.0,10.0,301.0,29481.0,236.0
546,Loire-Atlantique,2016,8994.0,4259.0,1362.0,663.0,267.0,6404.0,8218.0,1.0,1.0,546.0,30814.0,73.0
547,Loire-Atlantique,2017,9587.0,5714.0,1734.0,1017.0,404.0,6320.0,8517.0,9.0,21.0,521.0,33896.0,29.0
548,Loire-Atlantique,2018,12168.0,6822.0,1806.0,1620.0,587.0,4358.0,8286.0,34.0,37.0,562.0,36335.0,52.0
549,Loire-Atlantique,2019,12781.0,6528.0,2747.0,1645.0,829.0,3256.0,9214.0,25.0,36.0,849.0,38095.0,170.0
550,Loiret,2010,3908.0,954.0,374.0,65.0,22.0,6846.0,7805.0,773.0,0.0,0.0,20750.0,0.0
551,Loiret,2011,4011.0,1116.0,473.0,116.0,26.0,6046.0,8330.0,122.0,0.0,8.0,20251.0,0.0
552,Loiret,2012,3024.0,984.0,376.0,38.0,135.0,4715.0,6986.0,13.0,1.0,26.0,16384.0,79.0
553,Loiret,2013,3501.0,1190.0,431.0,272.0,47.0,4631.0,5717.0,13.0,18.0,184.0,16126.0,120.0
554,Loiret,2014,3731.0,1301.0,410.0,239.0,51.0,4476.0,5226.0,17.0,6.0,194.0,15728.0,76.0
555,Loiret,2015,4435.0,1671.0,570.0,258.0,68.0,4118.0,5156.0,17.0,12.0,255.0,16717.0,157.0
556,Loiret,2016,4688.0,2368.0,849.0,308.0,141.0,3268.0,5099.0,2.0,2.0,332.0,17083.0,25.0
557,Loiret,2017,4808.0,3054.0,1002.0,518.0,152.0,2920.0,5347.0,5.0,5.0,335.0,18164.0,14.0
558,Loiret,2018,5382.0,3493.0,1082.0,638.0,224.0,2131.0,4793.0,10.0,10.0,282.0,18067.0,22.0
559,Loiret,2019,5929.0,3253.0,1582.0,544.0,334.0,1419.0,5124.0,7.0,5.0,372.0,18678.0,109.0
560,Lot,2010,903.0,172.0,82.0,14.0,3.0,1925.0,1755.0,285.0,0.0,0.0,5139.0,0.0
561,Lot,2011,806.0,196.0,92.0,16.0,2.0,1650.0,1902.0,47.0,1.0,1.0,4714.0,0.0
562,Lot,2012,653.0,174.0,73.0,5.0,32.0,1472.0,1599.0,5.0,0.0,6.0,4047.0,28.0
563,Lot,2013,665.0,203.0,83.0,62.0,1.0,1435.0,1280.0,4.0,1.0,16.0,3777.0,27.0
564,Lot,2014,811.0,264.0,67.0,57.0,4.0,1419.0,1095.0,5.0,2.0,18.0,3759.0,17.0
565,Lot,2015,1054.0,355.0,108.0,59.0,8.0,1219.0,1130.0,1.0,1.0,48.0,4021.0,38.0
566,Lot,2016,1095.0,540.0,179.0,88.0,28.0,1163.0,1195.0,1.0,0.0,55.0,4351.0,7.0
567,Lot,2017,1127.0,675.0,206.0,148.0,22.0,929.0,1213.0,0.0,0.0,61.0,4384.0,3.0
568,Lot,2018,1424.0,791.0,187.0,192.0,39.0,652.0,1065.0,3.0,3.0,87.0,4449.0,6.0
569,Lot,2019,1389.0,688.0,235.0,128.0,63.0,524.0,1010.0,0.0,1.0,116.0,4168.0,14.0
570,Lot-et-Garonne,2010,1638.0,287.0,152.0,19.0,8.0,3746.0,3644.0,411.0,3.0,0.0,9909.0,0.0
571,Lot-et-Garonne,2011,1552.0,334.0,133.0,33.0,5.0,3367.0,3708.0,80.0,3.0,5.0,9220.0,0.0
572,Lot-et-Garonne,2012,1309.0,287.0,122.0,15.0,57.0,2716.0,3403.0,8.0,2.0,9.0,7970.0,42.0
573,Lot-et-Garonne,2013,1524.0,359.0,115.0,79.0,6.0,2698.0,2581.0,7.0,9.0,32.0,7453.0,43.0
574,Lot-et-Garonne,2014,1695.0,449.0,121.0,104.0,11.0,2486.0,2403.0,12.0,9.0,26.0,7367.0,51.0
575,Lot-et-Garonne,2015,2210.0,627.0,172.0,101.0,24.0,2259.0,2725.0,1.0,3.0,83.0,8251.0,46.0
576,Lot-et-Garonne,2016,2541.0,949.0,271.0,163.0,62.0,2054.0,2804.0,1.0,0.0,138.0,9007.0,21.0
577,Lot-et-Garonne,2017,2993.0,1390.0,486.0,280.0,72.0,1988.0,2922.0,2.0,1.0,130.0,10272.0,6.0
578,Lot-et-Garonne,2018,3360.0,1685.0,496.0,365.0,88.0,1482.0,2565.0,6.0,6.0,211.0,10282.0,18.0
579,Lot-et-Garonne,2019,3636.0,1745.0,733.0,325.0,176.0,1151.0,2660.0,3.0,3.0,168.0,10670.0,65.0
580,Lozère,2010,319.0,61.0,35.0,3.0,0.0,972.0,744.0,80.0,0.0,0.0,2215.0,0.0
581,Lozère,2011,282.0,69.0,22.0,8.0,0.0,823.0,809.0,13.0,0.0,0.0,2026.0,0.0
582,Lozère,2012,191.0,52.0,28.0,4.0,9.0,598.0,591.0,0.0,0.0,1.0,1489.0,15.0
583,Lozère,2013,256.0,66.0,22.0,23.0,1.0,585.0,540.0,0.0,1.0,5.0,1511.0,12.0
584,Lozère,2014,301.0,83.0,24.0,17.0,0.0,537.0,464.0,3.0,3.0,3.0,1443.0,8.0
585,Lozère,2015,410.0,105.0,35.0,23.0,1.0,478.0,544.0,1.0,0.0,13.0,1629.0,19.0
586,Lozère,2016,436.0,153.0,56.0,22.0,7.0,395.0,445.0,0.0,0.0,9.0,1526.0,3.0
587,Lozère,2017,437.0,256.0,59.0,37.0,11.0,303.0,493.0,0.0,1.0,36.0,1634.0,1.0
588,Lozère,2018,535.0,322.0,71.0,49.0,12.0,251.0,459.0,0.0,1.0,25.0,1726.0,1.0
589,Lozère,2019,498.0,250.0,90.0,29.0,18.0,187.0,428.0,0.0,0.0,26.0,1530.0,4.0
590,Maine-et-Loire,2010,3499.0,722.0,269.0,72.0,15.0,6067.0,6509.0,986.0,0.0,0.0,18141.0,0.0
591,Maine-et-Loire,2011,3464.0,805.0,297.0,101.0,17.0,5780.0,7066.0,127.0,2.0,9.0,17670.0,0.0
592,Maine-et-Loire,2012,2653.0,774.0,278.0,34.0,137.0,4712.0,6155.0,15.0,3.0,70.0,14891.0,58.0
593,Maine-et-Loire,2013,2956.0,959.0,236.0,310.0,26.0,4155.0,4888.0,35.0,8.0,57.0,13709.0,78.0
594,Maine-et-Loire,2014,3290.0,1032.0,221.0,315.0,24.0,4536.0,4489.0,26.0,8.0,106.0,14099.0,52.0
595,Maine-et-Loire,2015,3841.0,1482.0,416.0,311.0,70.0,4013.0,4365.0,17.0,7.0,206.0,14863.0,134.0
596,Maine-et-Loire,2016,4111.0,2017.0,594.0,343.0,124.0,3511.0,4643.0,2.0,3.0,274.0,15663.0,26.0
597,Maine-et-Loire,2017,4234.0,2700.0,808.0,551.0,175.0,3442.0,5233.0,9.0,3.0,323.0,17490.0,9.0
598,Maine-et-Loire,2018,5701.0,3131.0,837.0,771.0,245.0,2658.0,4802.0,21.0,13.0,369.0,18584.0,33.0
599,Maine-et-Loire,2019,6234.0,3115.0,1128.0,700.0,351.0,1888.0,5354.0,10.0,19.0,462.0,19380.0,114.0
600,Manche,2010,2521.0,464.0,172.0,36.0,11.0,4687.0,4438.0,703.0,0.0,0.0,13032.0,0.0
601,Manche,2011,2390.0,581.0,184.0,53.0,9.0,4009.0,5056.0,109.0,2.0,6.0,12399.0,0.0
602,Manche,2012,1921.0,506.0,157.0,14.0,95.0,3408.0,4495.0,17.0,1.0,39.0,10718.0,64.0
603,Manche,2013,2067.0,593.0,170.0,147.0,11.0,3559.0,3790.0,15.0,6.0,53.0,10479.0,68.0
604,Manche,2014,2502.0,672.0,172.0,149.0,15.0,3433.0,3383.0,8.0,11.0,72.0,10461.0,44.0
605,Manche,2015,2859.0,953.0,271.0,151.0,21.0,2919.0,3342.0,4.0,4.0,160.0,10770.0,80.0
606,Manche,2016,3248.0,1234.0,454.0,179.0,67.0,2596.0,3253.0,0.0,1.0,217.0,11270.0,21.0
607,Manche,2017,3335.0,1772.0,501.0,312.0,88.0,2304.0,3329.0,0.0,0.0,187.0,11842.0,10.0
608,Manche,2018,4442.0,2338.0,488.0,475.0,119.0,1807.0,3123.0,8.0,3.0,226.0,13043.0,14.0
609,Manche,2019,4508.0,2115.0,712.0,406.0,183.0,1267.0,3188.0,6.0,4.0,293.0,12738.0,56.0
610,Marne,2010,3119.0,786.0,414.0,43.0,44.0,6902.0,8636.0,585.0,1.0,0.0,20531.0,0.0
611,Marne,2011,3166.0,866.0,449.0,76.0,17.0,5974.0,9378.0,83.0,2.0,12.0,20026.0,0.0
612,Marne,2012,2702.0,821.0,377.0,32.0,131.0,5031.0,7991.0,17.0,3.0,28.0,17217.0,84.0
613,Marne,2013,2968.0,970.0,422.0,252.0,32.0,4758.0,6567.0,5.0,13.0,53.0,16189.0,146.0
614,Marne,2014,3210.0,1041.0,402.0,240.0,38.0,4762.0,5935.0,11.0,6.0,51.0,15796.0,100.0
615,Marne,2015,3964.0,1433.0,565.0,245.0,83.0,4106.0,5806.0,10.0,8.0,120.0,16501.0,161.0
616,Marne,2016,4267.0,1930.0,804.0,303.0,164.0,3759.0,5959.0,1.0,2.0,142.0,17383.0,52.0
617,Marne,2017,4385.0,2668.0,1006.0,521.0,235.0,3199.0,5883.0,0.0,6.0,176.0,18094.0,15.0
618,Marne,2018,5250.0,3526.0,1113.0,671.0,310.0,2331.0,5292.0,6.0,12.0,202.0,18735.0,22.0
619,Marne,2019,5616.0,3295.0,1548.0,613.0,384.0,1542.0,5311.0,6.0,13.0,273.0,18722.0,121.0
620,Mayenne,2010,1250.0,274.0,89.0,11.0,3.0,2350.0,2441.0,356.0,0.0,0.0,6774.0,0.0
621,Mayenne,2011,1241.0,273.0,108.0,25.0,5.0,2050.0,2881.0,62.0,1.0,5.0,6652.0,0.0
622,Mayenne,2012,874.0,276.0,95.0,10.0,71.0,1814.0,2665.0,3.0,0.0,19.0,5858.0,29.0
623,Mayenne,2013,1035.0,392.0,106.0,80.0,5.0,1924.0,2052.0,10.0,3.0,25.0,5669.0,37.0
624,Mayenne,2014,1279.0,416.0,114.0,74.0,8.0,1894.0,1798.0,7.0,3.0,23.0,5651.0,35.0
625,Mayenne,2015,1496.0,590.0,133.0,79.0,23.0,1531.0,1877.0,5.0,4.0,41.0,5847.0,68.0
626,Mayenne,2016,1522.0,825.0,176.0,106.0,36.0,1410.0,1913.0,1.0,0.0,91.0,6101.0,21.0
627,Mayenne,2017,1532.0,998.0,260.0,175.0,45.0,1291.0,1873.0,0.0,5.0,77.0,6264.0,8.0
628,Mayenne,2018,1991.0,1269.0,248.0,280.0,59.0,901.0,1699.0,4.0,4.0,114.0,6577.0,8.0
629,Mayenne,2019,1915.0,1043.0,407.0,211.0,110.0,656.0,1776.0,11.0,2.0,126.0,6295.0,38.0
630,Meurthe-et-Moselle,2010,4998.0,1129.0,551.0,73.0,31.0,9411.0,8812.0,807.0,2.0,0.0,25815.0,0.0
631,Meurthe-et-Moselle,2011,4688.0,1175.0,551.0,102.0,13.0,8016.0,9370.0,123.0,3.0,14.0,24057.0,0.0
632,Meurthe-et-Moselle,2012,4020.0,1152.0,496.0,34.0,160.0,6742.0,7463.0,32.0,1.0,43.0,20250.0,107.0
633,Meurthe-et-Moselle,2013,4292.0,1341.0,480.0,253.0,19.0,6326.0,6195.0,21.0,14.0,71.0,19154.0,141.0
634,Meurthe-et-Moselle,2014,4707.0,1395.0,463.0,240.0,18.0,6110.0,5821.0,17.0,8.0,103.0,18989.0,106.0
635,Meurthe-et-Moselle,2015,5316.0,1839.0,746.0,255.0,55.0,5180.0,5742.0,10.0,9.0,132.0,19424.0,138.0
636,Meurthe-et-Moselle,2016,5863.0,2583.0,1013.0,255.0,114.0,4594.0,5596.0,1.0,2.0,162.0,20234.0,46.0
637,Meurthe-et-Moselle,2017,6097.0,3319.0,1215.0,484.0,131.0,4278.0,5570.0,10.0,4.0,226.0,21354.0,13.0
638,Meurthe-et-Moselle,2018,6603.0,3795.0,1256.0,653.0,194.0,3034.0,5088.0,16.0,15.0,296.0,20968.0,16.0
639,Meurthe-et-Moselle,2019,6898.0,3682.0,1605.0,604.0,344.0,2120.0,5295.0,13.0,15.0,401.0,21072.0,95.0
640,Meuse,2010,919.0,150.0,86.0,12.0,2.0,2339.0,2124.0,188.0,5.0,0.0,5825.0,0.0
641,Meuse,2011,910.0,232.0,93.0,22.0,5.0,1869.0,2358.0,25.0,3.0,5.0,5522.0,0.0
642,Meuse,2012,863.0,222.0,83.0,9.0,34.0,1554.0,1841.0,12.0,4.0,8.0,4659.0,29.0
643,Meuse,2013,830.0,222.0,79.0,48.0,2.0,1476.0,1513.0,1.0,5.0,33.0,4240.0,31.0
644,Meuse,2014,850.0,263.0,79.0,39.0,5.0,1366.0,1440.0,3.0,4.0,10.0,4086.0,27.0
645,Meuse,2015,1056.0,362.0,115.0,36.0,5.0,1103.0,1357.0,1.0,1.0,32.0,4099.0,31.0
646,Meuse,2016,1089.0,484.0,163.0,64.0,22.0,1064.0,1325.0,1.0,0.0,37.0,4265.0,15.0
647,Meuse,2017,1168.0,651.0,199.0,127.0,32.0,884.0,1301.0,0.0,1.0,55.0,4420.0,2.0
648,Meuse,2018,1463.0,830.0,209.0,165.0,40.0,692.0,1238.0,0.0,3.0,63.0,4707.0,4.0
649,Meuse,2019,1377.0,758.0,255.0,135.0,79.0,551.0,1267.0,1.0,2.0,82.0,4516.0,9.0
650,Morbihan,2010,4634.0,818.0,307.0,66.0,23.0,8115.0,7080.0,806.0,1.0,0.0,21851.0,0.0
651,Morbihan,2011,4523.0,943.0,291.0,121.0,12.0,6954.0,7898.0,132.0,2.0,9.0,20885.0,0.0
652,Morbihan,2012,3692.0,909.0,295.0,36.0,166.0,5461.0,6896.0,19.0,1.0,20.0,17551.0,56.0
653,Morbihan,2013,4316.0,1149.0,303.0,315.0,15.0,5076.0,5747.0,17.0,11.0,83.0,17133.0,83.0
654,Morbihan,2014,4967.0,1261.0,292.0,304.0,28.0,4899.0,5275.0,14.0,3.0,84.0,17181.0,50.0
655,Morbihan,2015,5700.0,1851.0,504.0,341.0,46.0,4264.0,5236.0,7.0,3.0,115.0,18188.0,118.0
656,Morbihan,2016,5782.0,2610.0,706.0,417.0,157.0,3594.0,5093.0,1.0,0.0,236.0,18635.0,37.0
657,Morbihan,2017,6243.0,3590.0,962.0,725.0,174.0,3052.0,5165.0,7.0,3.0,265.0,20206.0,18.0
658,Morbihan,2018,7730.0,4277.0,1007.0,1006.0,291.0,2246.0,4672.0,11.0,15.0,246.0,21531.0,27.0
659,Morbihan,2019,7626.0,3830.0,1315.0,764.0,408.0,1831.0,4804.0,9.0,5.0,355.0,21074.0,115.0
660,Moselle,2010,6557.0,1706.0,813.0,86.0,40.0,12858.0,12916.0,955.0,0.0,2.0,35934.0,0.0
661,Moselle,2011,6434.0,1933.0,930.0,140.0,19.0,11617.0,14199.0,159.0,3.0,41.0,35475.0,0.0
662,Moselle,2012,5335.0,1863.0,765.0,48.0,176.0,8658.0,11711.0,13.0,4.0,82.0,28810.0,148.0
663,Moselle,2013,6043.0,1988.0,669.0,358.0,45.0,7654.0,8964.0,17.0,10.0,113.0,26083.0,217.0
664,Moselle,2014,6602.0,2356.0,762.0,301.0,53.0,7538.0,8232.0,26.0,13.0,116.0,26126.0,122.0
665,Moselle,2015,7758.0,2922.0,1113.0,261.0,111.0,6594.0,8299.0,15.0,16.0,214.0,27571.0,267.0
666,Moselle,2016,8626.0,4155.0,1540.0,358.0,184.0,5810.0,8513.0,2.0,2.0,219.0,29480.0,71.0
667,Moselle,2017,8419.0,5226.0,1931.0,649.0,247.0,5151.0,8692.0,2.0,4.0,278.0,30612.0,12.0
668,Moselle,2018,9561.0,6485.0,2036.0,881.0,363.0,3885.0,8402.0,12.0,11.0,335.0,32020.0,48.0
669,Moselle,2019,9767.0,5873.0,2639.0,791.0,556.0,3082.0,8158.0,11.0,14.0,474.0,31498.0,127.0
670,Nièvre,2010,1287.0,281.0,101.0,17.0,2.0,2742.0,2342.0,229.0,2.0,0.0,7006.0,0.0
671,Nièvre,2011,1221.0,302.0,111.0,18.0,4.0,2321.0,2462.0,24.0,1.0,5.0,6474.0,0.0
672,Nièvre,2012,977.0,260.0,79.0,7.0,24.0,2055.0,2195.0,6.0,1.0,5.0,5625.0,14.0
673,Nièvre,2013,1063.0,296.0,72.0,77.0,6.0,1779.0,1723.0,6.0,4.0,15.0,5069.0,28.0
674,Nièvre,2014,1242.0,326.0,73.0,75.0,5.0,1697.0,1685.0,3.0,2.0,12.0,5137.0,17.0
675,Nièvre,2015,1429.0,469.0,121.0,87.0,10.0,1479.0,1545.0,5.0,1.0,26.0,5218.0,46.0
676,Nièvre,2016,1480.0,590.0,184.0,80.0,29.0,1248.0,1553.0,0.0,1.0,42.0,5218.0,11.0
677,Nièvre,2017,1467.0,808.0,208.0,138.0,45.0,1176.0,1407.0,0.0,1.0,41.0,5295.0,4.0
678,Nièvre,2018,1739.0,886.0,217.0,192.0,50.0,931.0,1378.0,0.0,0.0,53.0,5456.0,10.0
679,Nièvre,2019,1852.0,869.0,311.0,155.0,72.0,648.0,1565.0,1.0,1.0,80.0,5583.0,28.0
680,Nord,2010,15674.0,2858.0,1264.0,230.0,94.0,30341.0,30248.0,5507.0,2.0,9.0,86239.0,0.0
681,Nord,2011,15976.0,3623.0,1312.0,383.0,54.0,26867.0,32245.0,871.0,6.0,143.0,81496.0,0.0
682,Nord,2012,13140.0,3406.0,1147.0,146.0,592.0,22260.0,27525.0,130.0,17.0,100.0,68783.0,306.0
683,Nord,2013,14615.0,3587.0,1174.0,1317.0,109.0,20939.0,22866.0,134.0,91.0,243.0,65552.0,463.0
684,Nord,2014,15861.0,3995.0,1213.0,1144.0,123.0,19696.0,20364.0,105.0,84.0,265.0,63100.0,244.0
685,Nord,2015,18675.0,5528.0,1777.0,1128.0,269.0,17991.0,20106.0,83.0,50.0,512.0,66892.0,762.0
686,Nord,2016,20467.0,7672.0,2502.0,1418.0,520.0,15537.0,19916.0,32.0,26.0,639.0,68916.0,178.0
687,Nord,2017,21838.0,10563.0,3144.0,2221.0,817.0,13674.0,20300.0,63.0,80.0,708.0,73469.0,52.0
688,Nord,2018,26717.0,13241.0,3592.0,3000.0,1058.0,10168.0,18590.0,133.0,107.0,855.0,77568.0,84.0
689,Nord,2019,31883.0,14878.0,6216.0,2856.0,1628.0,7883.0,20187.0,118.0,109.0,1304.0,87405.0,333.0
690,Oise,2010,23534.0,6614.0,1286.0,69.0,33.0,51215.0,48480.0,972.0,4.0,0.0,132213.0,0.0
691,Oise,2011,21882.0,6091.0,1849.0,241.0,32.0,45229.0,54534.0,112.0,3.0,279.0,130253.0,0.0
692,Oise,2012,16018.0,3243.0,1706.0,123.0,253.0,46512.0,46814.0,15.0,3.0,29.0,114920.0,202.0
693,Oise,2013,15914.0,3880.0,1008.0,788.0,63.0,37637.0,36438.0,21.0,26.0,68.0,96015.0,169.0
694,Oise,2014,22089.0,4559.0,961.0,1657.0,110.0,39859.0,37490.0,16.0,9.0,107.0,107046.0,189.0
695,Oise,2015,28999.0,6435.0,2134.0,2442.0,69.0,40729.0,40584.0,12.0,7.0,167.0,122605.0,1024.0
696,Oise,2016,36750.0,9772.0,3137.0,2546.0,258.0,34058.0,43950.0,1.0,1.0,231.0,131109.0,404.0
697,Oise,2017,38768.0,14548.0,5333.0,2259.0,613.0,27511.0,46560.0,9.0,3.0,233.0,135860.0,23.0
698,Oise,2018,46114.0,20484.0,6198.0,2461.0,1030.0,16593.0,37060.0,9.0,8.0,449.0,130686.0,278.0
699,Oise,2019,43628.0,28255.0,10173.0,2729.0,2081.0,9534.0,29985.0,10.0,10.0,632.0,127990.0,953.0
700,Orne,2010,1374.0,246.0,118.0,32.0,10.0,3025.0,2915.0,322.0,0.0,0.0,8042.0,0.0
701,Orne,2011,1322.0,322.0,135.0,48.0,4.0,2525.0,3128.0,49.0,0.0,7.0,7540.0,0.0
702,Orne,2012,1056.0,297.0,117.0,13.0,62.0,2115.0,2747.0,4.0,3.0,7.0,6459.0,36.0
703,Orne,2013,1126.0,339.0,148.0,126.0,9.0,2549.0,2140.0,5.0,5.0,30.0,6516.0,39.0
704,Orne,2014,1449.0,337.0,109.0,96.0,12.0,2471.0,1961.0,3.0,3.0,48.0,6518.0,29.0
705,Orne,2015,1836.0,522.0,184.0,105.0,21.0,2022.0,1990.0,0.0,5.0,56.0,6803.0,62.0
706,Orne,2016,1815.0,761.0,250.0,119.0,47.0,1885.0,1993.0,0.0,0.0,87.0,6974.0,17.0
707,Orne,2017,1894.0,1046.0,298.0,221.0,46.0,1692.0,2090.0,4.0,2.0,96.0,7394.0,5.0
708,Orne,2018,2378.0,1275.0,255.0,235.0,72.0,1234.0,1858.0,7.0,2.0,135.0,7460.0,9.0
709,Orne,2019,2306.0,1131.0,399.0,194.0,117.0,969.0,2100.0,0.0,11.0,102.0,7356.0,23.0
710,Paris,2010,9130.0,4265.0,3271.0,387.0,279.0,12648.0,21271.0,721.0,0.0,4.0,51979.0,0.0
711,Paris,2011,9538.0,4352.0,3476.0,642.0,164.0,12955.0,23924.0,163.0,1.0,31.0,55273.0,0.0
712,Paris,2012,7594.0,3450.0,3453.0,176.0,762.0,11725.0,23587.0,10.0,3.0,143.0,51323.0,416.0
713,Paris,2013,8280.0,3659.0,2822.0,1279.0,275.0,11799.0,19872.0,9.0,13.0,660.0,49432.0,763.0
714,Paris,2014,8749.0,4286.0,2952.0,1491.0,362.0,11715.0,17551.0,14.0,9.0,542.0,48149.0,477.0
715,Paris,2015,9884.0,5249.0,4071.0,1848.0,695.0,11957.0,18177.0,5.0,7.0,561.0,53488.0,1027.0
716,Paris,2016,11745.0,7369.0,5331.0,1857.0,1214.0,9999.0,19681.0,0.0,1.0,704.0,58169.0,262.0
717,Paris,2017,9734.0,7482.0,5768.0,2526.0,1706.0,8542.0,16701.0,4.0,10.0,1266.0,53845.0,85.0
718,Paris,2018,8108.0,9520.0,6342.0,2567.0,1961.0,5358.0,15569.0,26.0,10.0,1599.0,51189.0,100.0
719,Paris,2019,11360.0,11789.0,8428.0,2440.0,2978.0,2804.0,12848.0,6.0,16.0,2564.0,55721.0,457.0
720,Pas-de-Calais,2010,8692.0,1511.0,636.0,83.0,34.0,18246.0,17750.0,2468.0,1.0,1.0,49431.0,0.0
721,Pas-de-Calais,2011,8329.0,1826.0,682.0,148.0,12.0,15895.0,18254.0,327.0,2.0,19.0,45514.0,0.0
722,Pas-de-Calais,2012,6982.0,1666.0,622.0,56.0,202.0,12902.0,15956.0,48.0,5.0,46.0,38635.0,142.0
723,Pas-de-Calais,2013,7921.0,1904.0,583.0,370.0,37.0,12070.0,13108.0,45.0,36.0,122.0,36422.0,221.0
724,Pas-de-Calais,2014,8646.0,2045.0,626.0,433.0,50.0,11588.0,11411.0,45.0,43.0,194.0,35241.0,158.0
725,Pas-de-Calais,2015,10536.0,2772.0,974.0,360.0,75.0,9793.0,11117.0,21.0,22.0,264.0,36271.0,337.0
726,Pas-de-Calais,2016,11655.0,4123.0,1390.0,459.0,183.0,8865.0,11362.0,4.0,6.0,338.0,38488.0,100.0
727,Pas-de-Calais,2017,12827.0,5848.0,1557.0,912.0,228.0,7333.0,11149.0,6.0,14.0,358.0,40250.0,17.0
728,Pas-de-Calais,2018,16240.0,7226.0,1763.0,1214.0,350.0,5072.0,10403.0,37.0,29.0,428.0,42818.0,56.0
729,Pas-de-Calais,2019,16261.0,6673.0,2381.0,1042.0,614.0,3834.0,10086.0,32.0,30.0,503.0,41695.0,239.0
730,Puy-de-Dôme,2010,3534.0,818.0,396.0,43.0,29.0,6926.0,6715.0,794.0,3.0,0.0,19259.0,0.0
731,Puy-de-Dôme,2011,3440.0,985.0,390.0,86.0,16.0,6300.0,7521.0,138.0,2.0,9.0,18895.0,0.0
732,Puy-de-Dôme,2012,2980.0,939.0,368.0,20.0,108.0,5013.0,6280.0,32.0,2.0,23.0,15839.0,73.0
733,Puy-de-Dôme,2013,3489.0,1085.0,372.0,235.0,41.0,4838.0,5250.0,19.0,13.0,59.0,15500.0,99.0
734,Puy-de-Dôme,2014,3884.0,1226.0,411.0,198.0,48.0,4766.0,5004.0,13.0,7.0,76.0,15718.0,85.0
735,Puy-de-Dôme,2015,4582.0,1762.0,624.0,163.0,84.0,3977.0,4859.0,11.0,9.0,164.0,16396.0,160.0
736,Puy-de-Dôme,2016,4585.0,2246.0,852.0,220.0,120.0,3442.0,4832.0,2.0,0.0,194.0,16547.0,54.0
737,Puy-de-Dôme,2017,4949.0,3017.0,1060.0,499.0,147.0,2758.0,5206.0,3.0,4.0,199.0,17853.0,11.0
738,Puy-de-Dôme,2018,5726.0,3607.0,1198.0,624.0,218.0,2238.0,4698.0,3.0,7.0,257.0,18598.0,22.0
739,Puy-de-Dôme,2019,5860.0,3390.0,1497.0,512.0,298.0,1751.0,4463.0,7.0,7.0,351.0,18243.0,107.0
740,Pyrénées-Atlantiques,2010,4696.0,1069.0,355.0,73.0,24.0,7793.0,7569.0,876.0,1.0,0.0,22456.0,0.0
741,Pyrénées-Atlantiques,2011,4774.0,1153.0,414.0,131.0,13.0,6906.0,8553.0,135.0,0.0,11.0,22090.0,0.0
742,Pyrénées-Atlantiques,2012,4077.0,1087.0,402.0,43.0,166.0,5760.0,7278.0,18.0,3.0,38.0,18957.0,85.0
743,Pyrénées-Atlantiques,2013,4531.0,1283.0,394.0,422.0,28.0,5377.0,6118.0,21.0,11.0,78.0,18370.0,106.0
744,Pyrénées-Atlantiques,2014,5220.0,1450.0,473.0,438.0,22.0,5709.0,5498.0,7.0,8.0,81.0,18992.0,86.0
745,Pyrénées-Atlantiques,2015,6061.0,2050.0,698.0,498.0,63.0,4673.0,5451.0,15.0,8.0,164.0,19778.0,97.0
746,Pyrénées-Atlantiques,2016,6498.0,2660.0,904.0,504.0,136.0,4150.0,5438.0,0.0,0.0,253.0,20570.0,27.0
747,Pyrénées-Atlantiques,2017,6700.0,3488.0,1082.0,748.0,197.0,3498.0,5294.0,6.0,3.0,222.0,21246.0,8.0
748,Pyrénées-Atlantiques,2018,7806.0,4330.0,1140.0,1020.0,225.0,2307.0,4911.0,7.0,12.0,260.0,22044.0,22.0
749,Pyrénées-Atlantiques,2019,8041.0,3950.0,1669.0,875.0,445.0,1709.0,5050.0,6.0,11.0,361.0,22219.0,102.0
750,Pyrénées-Orientales,2010,3481.0,652.0,240.0,43.0,8.0,5558.0,4088.0,322.0,1.0,0.0,14394.0,0.0
751,Pyrénées-Orientales,2011,3181.0,643.0,262.0,78.0,2.0,5270.0,4803.0,55.0,1.0,12.0,14307.0,0.0
752,Pyrénées-Orientales,2012,2694.0,608.0,246.0,28.0,81.0,4238.0,4161.0,12.0,1.0,23.0,12139.0,45.0
753,Pyrénées-Orientales,2013,2879.0,732.0,198.0,165.0,10.0,3594.0,3199.0,4.0,11.0,32.0,10871.0,47.0
754,Pyrénées-Orientales,2014,3090.0,678.0,214.0,155.0,12.0,3586.0,3137.0,8.0,3.0,51.0,10986.0,52.0
755,Pyrénées-Orientales,2015,3950.0,1052.0,366.0,167.0,33.0,3187.0,3496.0,1.0,3.0,84.0,12402.0,63.0
756,Pyrénées-Orientales,2016,4278.0,1447.0,460.0,201.0,70.0,2833.0,3522.0,1.0,0.0,116.0,12948.0,20.0
757,Pyrénées-Orientales,2017,4788.0,2007.0,581.0,406.0,101.0,3359.0,3707.0,1.0,1.0,124.0,15086.0,9.0
758,Pyrénées-Orientales,2018,5814.0,2465.0,717.0,510.0,151.0,2540.0,3551.0,2.0,3.0,162.0,15931.0,16.0
759,Pyrénées-Orientales,2019,6264.0,2491.0,1010.0,479.0,247.0,1746.0,3496.0,1.0,0.0,241.0,16068.0,93.0
760,Rhône,2010,10940.0,3030.0,1344.0,150.0,65.0,19048.0,21058.0,1930.0,0.0,3.0,57583.0,0.0
761,Rhône,2011,11265.0,3401.0,1521.0,264.0,57.0,17738.0,24121.0,329.0,2.0,60.0,58771.0,0.0
762,Rhône,2012,9214.0,2777.0,1342.0,77.0,360.0,15438.0,20298.0,61.0,9.0,74.0,49976.0,321.0
763,Rhône,2013,10357.0,3221.0,1284.0,770.0,85.0,15195.0,16336.0,49.0,36.0,270.0,48140.0,527.0
764,Rhône,2014,10727.0,3583.0,1277.0,820.0,112.0,14947.0,15891.0,46.0,16.0,413.0,48165.0,332.0
765,Rhône,2015,12600.0,4721.0,1936.0,806.0,279.0,13086.0,15775.0,28.0,17.0,458.0,50281.0,555.0
766,Rhône,2016,13414.0,6266.0,2577.0,854.0,494.0,12679.0,17010.0,3.0,6.0,677.0,54107.0,119.0
767,Rhône,2017,14488.0,8196.0,3102.0,1519.0,607.0,13305.0,19033.0,29.0,20.0,908.0,61280.0,54.0
768,Rhône,2018,15343.0,9732.0,3611.0,1810.0,964.0,9920.0,17892.0,76.0,38.0,999.0,60517.0,123.0
769,Rhône,2019,16603.0,10276.0,5680.0,1671.0,1460.0,6428.0,19842.0,48.0,42.0,1616.0,64149.0,464.0
770,Sarthe,2010,3296.0,963.0,249.0,52.0,12.0,5461.0,5681.0,954.0,0.0,0.0,16670.0,0.0
771,Sarthe,2011,2974.0,764.0,305.0,75.0,6.0,5330.0,6529.0,139.0,0.0,6.0,16128.0,0.0
772,Sarthe,2012,2391.0,721.0,252.0,25.0,122.0,3968.0,5123.0,9.0,3.0,34.0,12691.0,42.0
773,Sarthe,2013,2756.0,804.0,251.0,250.0,17.0,3732.0,4049.0,21.0,19.0,49.0,12008.0,60.0
774,Sarthe,2014,2956.0,983.0,245.0,234.0,19.0,3358.0,3806.0,22.0,7.0,63.0,11737.0,43.0
775,Sarthe,2015,3401.0,1304.0,375.0,213.0,41.0,3049.0,3805.0,6.0,3.0,141.0,12414.0,76.0
776,Sarthe,2016,3848.0,1865.0,558.0,269.0,100.0,2930.0,3745.0,1.0,1.0,145.0,13483.0,21.0
777,Sarthe,2017,3923.0,2415.0,686.0,463.0,111.0,2684.0,3792.0,10.0,2.0,162.0,14251.0,3.0
778,Sarthe,2018,4762.0,2687.0,636.0,592.0,155.0,2009.0,3571.0,18.0,18.0,156.0,14622.0,18.0
779,Sarthe,2019,5228.0,2535.0,940.0,523.0,278.0,1179.0,4022.0,19.0,19.0,231.0,15060.0,84.0
780,Savoie,2010,2867.0,675.0,384.0,54.0,12.0,6035.0,6084.0,511.0,0.0,1.0,16624.0,0.0
781,Savoie,2011,2681.0,781.0,373.0,66.0,11.0,5692.0,6854.0,78.0,3.0,6.0,16546.0,0.0
782,Savoie,2012,2540.0,676.0,367.0,23.0,88.0,4515.0,5851.0,6.0,1.0,17.0,14165.0,80.0
783,Savoie,2013,3031.0,893.0,331.0,207.0,15.0,4000.0,4938.0,3.0,5.0,46.0,13588.0,119.0
784,Savoie,2014,3345.0,1080.0,415.0,201.0,24.0,3859.0,4827.0,10.0,7.0,64.0,13896.0,64.0
785,Savoie,2015,3845.0,1332.0,593.0,149.0,59.0,3148.0,4979.0,14.0,3.0,127.0,14357.0,108.0
786,Savoie,2016,4099.0,1893.0,921.0,239.0,104.0,2729.0,5087.0,1.0,1.0,168.0,15270.0,21.0
787,Savoie,2017,4283.0,2491.0,985.0,425.0,137.0,1955.0,5105.0,3.0,2.0,213.0,15612.0,10.0
788,Savoie,2018,5044.0,3040.0,1261.0,642.0,250.0,1736.0,4930.0,9.0,7.0,234.0,17202.0,48.0
789,Savoie,2019,4752.0,2876.0,1736.0,592.0,326.0,1506.0,4558.0,7.0,7.0,304.0,16818.0,140.0
790,Saône-et-Loire,2010,3453.0,757.0,329.0,35.0,10.0,6122.0,5863.0,708.0,1.0,0.0,17285.0,0.0
791,Saône-et-Loire,2011,3229.0,834.0,323.0,63.0,7.0,5231.0,6469.0,124.0,0.0,5.0,16290.0,0.0
792,Saône-et-Loire,2012,2635.0,848.0,284.0,26.0,86.0,4200.0,5288.0,18.0,1.0,16.0,13476.0,73.0
793,Saône-et-Loire,2013,2844.0,914.0,257.0,182.0,16.0,3799.0,4226.0,14.0,10.0,53.0,12398.0,82.0
794,Saône-et-Loire,2014,3255.0,1012.0,268.0,202.0,18.0,3757.0,4081.0,8.0,6.0,57.0,12722.0,58.0
795,Saône-et-Loire,2015,3853.0,1357.0,338.0,163.0,32.0,3316.0,3932.0,6.0,5.0,93.0,13219.0,122.0
796,Saône-et-Loire,2016,3965.0,1835.0,539.0,211.0,68.0,2786.0,3885.0,3.0,1.0,145.0,13459.0,20.0
797,Saône-et-Loire,2017,4059.0,2435.0,648.0,352.0,97.0,2281.0,3859.0,2.0,3.0,157.0,13901.0,8.0
798,Saône-et-Loire,2018,4424.0,2828.0,651.0,413.0,105.0,1699.0,3764.0,8.0,7.0,149.0,14078.0,30.0
799,Saône-et-Loire,2019,4718.0,2512.0,1018.0,378.0,236.0,1359.0,3818.0,6.0,3.0,249.0,14390.0,93.0
800,Seine-Maritime,2010,13925.0,3613.0,950.0,52.0,34.0,37291.0,33108.0,1187.0,0.0,0.0,90163.0,0.0
801,Seine-Maritime,2011,14471.0,3873.0,1133.0,119.0,36.0,35271.0,36374.0,171.0,2.0,33.0,91486.0,0.0
802,Seine-Maritime,2012,13103.0,2917.0,1103.0,31.0,170.0,35135.0,28740.0,17.0,1.0,74.0,81416.0,122.0
803,Seine-Maritime,2013,13866.0,3174.0,758.0,939.0,26.0,27496.0,22893.0,15.0,23.0,135.0,69522.0,196.0
804,Seine-Maritime,2014,16211.0,3700.0,1026.0,451.0,34.0,27120.0,25800.0,24.0,19.0,212.0,74748.0,150.0
805,Seine-Maritime,2015,19759.0,5158.0,1891.0,1052.0,98.0,25203.0,24104.0,13.0,8.0,394.0,78372.0,690.0
806,Seine-Maritime,2016,21925.0,10442.0,3466.0,1039.0,126.0,23135.0,25966.0,3.0,1.0,494.0,86742.0,144.0
807,Seine-Maritime,2017,25856.0,11309.0,3521.0,1129.0,177.0,18539.0,27190.0,5.0,4.0,517.0,88283.0,33.0
808,Seine-Maritime,2018,28344.0,14492.0,4563.0,1457.0,460.0,13551.0,22998.0,18.0,17.0,546.0,86501.0,55.0
809,Seine-Maritime,2019,32119.0,17704.0,5276.0,2077.0,856.0,7553.0,19794.0,29.0,28.0,774.0,86632.0,417.0
810,Seine-Saint-Denis,2010,5620.0,1367.0,565.0,194.0,36.0,8830.0,10674.0,1011.0,3.0,0.0,28315.0,0.0
811,Seine-Saint-Denis,2011,5498.0,1604.0,610.0,222.0,21.0,8677.0,11407.0,138.0,2.0,11.0,28204.0,0.0
812,Seine-Saint-Denis,2012,4065.0,1275.0,576.0,83.0,316.0,7657.0,9839.0,24.0,2.0,25.0,23987.0,124.0
813,Seine-Saint-Denis,2013,5083.0,1548.0,797.0,749.0,51.0,8110.0,10704.0,33.0,20.0,83.0,27366.0,188.0
814,Seine-Saint-Denis,2014,7127.0,1711.0,959.0,856.0,77.0,8181.0,10966.0,29.0,11.0,121.0,30249.0,211.0
815,Seine-Saint-Denis,2015,7279.0,3052.0,1211.0,960.0,185.0,9231.0,11406.0,10.0,10.0,201.0,33859.0,314.0
816,Seine-Saint-Denis,2016,7997.0,3732.0,1955.0,1029.0,331.0,7459.0,10371.0,1.0,0.0,330.0,33276.0,69.0
817,Seine-Saint-Denis,2017,6546.0,4777.0,1867.0,1386.0,431.0,6856.0,10092.0,3.0,3.0,462.0,32452.0,26.0
818,Seine-Saint-Denis,2018,7390.0,5269.0,2035.0,1504.0,527.0,4467.0,10383.0,12.0,13.0,429.0,32063.0,28.0
819,Seine-Saint-Denis,2019,7326.0,4747.0,2612.0,1373.0,880.0,2384.0,8647.0,7.0,13.0,516.0,28673.0,141.0
820,Seine-et-Marne,2010,8160.0,1966.0,987.0,437.0,109.0,15425.0,16640.0,1934.0,2.0,0.0,45663.0,0.0
821,Seine-et-Marne,2011,8093.0,2183.0,1127.0,430.0,104.0,14312.0,18378.0,316.0,5.0,27.0,44977.0,0.0
822,Seine-et-Marne,2012,6476.0,2063.0,1064.0,133.0,478.0,12212.0,16199.0,23.0,8.0,47.0,38911.0,206.0
823,Seine-et-Marne,2013,7012.0,2467.0,919.0,945.0,114.0,11528.0,12758.0,32.0,36.0,110.0,36209.0,288.0
824,Seine-et-Marne,2014,7659.0,2654.0,1038.0,878.0,150.0,11442.0,11737.0,26.0,14.0,156.0,35964.0,210.0
825,Seine-et-Marne,2015,9737.0,3624.0,1504.0,1028.0,265.0,11099.0,11850.0,16.0,14.0,302.0,39784.0,345.0
826,Seine-et-Marne,2016,10310.0,4836.0,2000.0,1075.0,492.0,9685.0,11336.0,2.0,4.0,418.0,40249.0,85.0
827,Seine-et-Marne,2017,11055.0,6401.0,2497.0,1694.0,614.0,8038.0,11151.0,7.0,6.0,582.0,42083.0,36.0
828,Seine-et-Marne,2018,12966.0,7722.0,2540.0,1989.0,722.0,6532.0,10365.0,15.0,22.0,877.0,43856.0,91.0
829,Seine-et-Marne,2019,12888.0,7623.0,3606.0,1788.0,1218.0,4680.0,9734.0,20.0,26.0,859.0,42742.0,239.0
830,Somme,2010,3549.0,470.0,228.0,38.0,6.0,7841.0,7211.0,554.0,1.0,0.0,19899.0,0.0
831,Somme,2011,3542.0,612.0,226.0,43.0,4.0,8437.0,8659.0,39.0,2.0,6.0,21570.0,0.0
832,Somme,2012,3350.0,655.0,223.0,19.0,73.0,7259.0,7808.0,7.0,1.0,13.0,19471.0,63.0
833,Somme,2013,3738.0,795.0,205.0,172.0,11.0,7730.0,6163.0,13.0,12.0,48.0,18948.0,61.0
834,Somme,2014,5202.0,837.0,224.0,183.0,16.0,8101.0,5618.0,6.0,5.0,40.0,20282.0,50.0
835,Somme,2015,5668.0,1155.0,365.0,203.0,38.0,7772.0,5924.0,9.0,3.0,98.0,21395.0,160.0
836,Somme,2016,6072.0,1864.0,484.0,294.0,77.0,7912.0,6511.0,0.0,0.0,119.0,23368.0,34.0
837,Somme,2017,8443.0,3276.0,658.0,454.0,111.0,6707.0,6997.0,2.0,4.0,107.0,26771.0,12.0
838,Somme,2018,12028.0,6097.0,1016.0,742.0,150.0,4773.0,9300.0,3.0,6.0,145.0,34284.0,24.0
839,Somme,2019,12449.0,6211.0,1991.0,472.0,378.0,4105.0,10986.0,7.0,8.0,237.0,36938.0,91.0
840,Tarn,2010,2173.0,384.0,162.0,32.0,14.0,4547.0,4286.0,535.0,0.0,0.0,12136.0,0.0
841,Tarn,2011,1933.0,439.0,167.0,61.0,2.0,3946.0,4442.0,96.0,2.0,4.0,11092.0,0.0
842,Tarn,2012,1472.0,413.0,146.0,19.0,70.0,3050.0,3853.0,6.0,5.0,7.0,9076.0,35.0
843,Tarn,2013,1850.0,465.0,143.0,83.0,8.0,2982.0,3230.0,12.0,6.0,30.0,8867.0,53.0
844,Tarn,2014,2179.0,560.0,200.0,105.0,6.0,3154.0,3070.0,12.0,4.0,40.0,9373.0,41.0
845,Tarn,2015,2594.0,816.0,280.0,114.0,17.0,2785.0,2997.0,7.0,3.0,86.0,9792.0,93.0
846,Tarn,2016,2664.0,1114.0,334.0,135.0,36.0,2554.0,3000.0,1.0,3.0,131.0,9999.0,27.0
847,Tarn,2017,2920.0,1640.0,438.0,259.0,67.0,2235.0,3049.0,2.0,1.0,169.0,10784.0,4.0
848,Tarn,2018,3492.0,2139.0,505.0,402.0,80.0,1419.0,2813.0,10.0,8.0,177.0,11069.0,23.0
849,Tarn,2019,3446.0,2054.0,713.0,309.0,142.0,1043.0,2587.0,9.0,6.0,247.0,10592.0,36.0
850,Tarn-et-Garonne,2010,1041.0,176.0,77.0,10.0,7.0,2414.0,2186.0,340.0,0.0,0.0,6251.0,0.0
851,Tarn-et-Garonne,2011,1003.0,203.0,83.0,31.0,0.0,2289.0,2357.0,46.0,1.0,1.0,6014.0,0.0
852,Tarn-et-Garonne,2012,814.0,176.0,72.0,10.0,40.0,1874.0,2173.0,5.0,1.0,18.0,5212.0,29.0
853,Tarn-et-Garonne,2013,900.0,217.0,75.0,68.0,4.0,1914.0,1703.0,6.0,3.0,18.0,4954.0,46.0
854,Tarn-et-Garonne,2014,1075.0,203.0,81.0,69.0,4.0,1627.0,1577.0,5.0,9.0,24.0,4691.0,17.0
855,Tarn-et-Garonne,2015,1350.0,336.0,109.0,71.0,8.0,1442.0,1586.0,3.0,0.0,68.0,5004.0,30.0
856,Tarn-et-Garonne,2016,1473.0,504.0,134.0,89.0,24.0,1290.0,1642.0,1.0,0.0,83.0,5253.0,12.0
857,Tarn-et-Garonne,2017,1479.0,707.0,177.0,162.0,44.0,1034.0,1728.0,0.0,1.0,77.0,5412.0,3.0
858,Tarn-et-Garonne,2018,1916.0,924.0,238.0,197.0,48.0,725.0,1613.0,9.0,2.0,113.0,5801.0,16.0
859,Tarn-et-Garonne,2019,1888.0,778.0,336.0,155.0,102.0,581.0,1647.0,4.0,1.0,166.0,5684.0,26.0
860,Territoire de Belfort,2010,1277.0,274.0,132.0,4.0,1.0,2054.0,2038.0,155.0,0.0,0.0,5936.0,0.0
861,Territoire de Belfort,2011,1116.0,358.0,176.0,16.0,3.0,1835.0,2132.0,27.0,0.0,1.0,5664.0,0.0
862,Territoire de Belfort,2012,947.0,307.0,134.0,3.0,10.0,1542.0,1740.0,2.0,0.0,20.0,4757.0,52.0
863,Territoire de Belfort,2013,1072.0,354.0,128.0,28.0,1.0,1571.0,1355.0,7.0,1.0,10.0,4597.0,70.0
864,Territoire de Belfort,2014,1186.0,387.0,135.0,29.0,1.0,1126.0,1286.0,1.0,3.0,5.0,4193.0,34.0
865,Territoire de Belfort,2015,1483.0,478.0,193.0,21.0,5.0,890.0,1183.0,1.0,1.0,35.0,4356.0,66.0
866,Territoire de Belfort,2016,1581.0,689.0,207.0,40.0,16.0,656.0,1179.0,0.0,0.0,38.0,4416.0,10.0
867,Territoire de Belfort,2017,1719.0,804.0,242.0,78.0,22.0,520.0,1149.0,0.0,3.0,20.0,4564.0,6.0
868,Territoire de Belfort,2018,1766.0,1084.0,252.0,109.0,32.0,386.0,1176.0,8.0,5.0,42.0,4869.0,9.0
869,Territoire de Belfort,2019,1737.0,968.0,345.0,116.0,52.0,322.0,986.0,3.0,3.0,60.0,4610.0,18.0
870,Val-d'Oise,2010,7043.0,1803.0,818.0,162.0,33.0,10184.0,12229.0,1248.0,4.0,7.0,33532.0,0.0
871,Val-d'Oise,2011,7121.0,2036.0,943.0,246.0,43.0,9045.0,13393.0,219.0,5.0,14.0,33065.0,0.0
872,Val-d'Oise,2012,5567.0,1746.0,877.0,110.0,329.0,7748.0,11774.0,27.0,3.0,81.0,28412.0,148.0
873,Val-d'Oise,2013,6138.0,2158.0,817.0,694.0,47.0,7246.0,9399.0,20.0,27.0,92.0,26877.0,239.0
874,Val-d'Oise,2014,6807.0,2205.0,846.0,851.0,53.0,6569.0,8196.0,13.0,14.0,153.0,25885.0,177.0
875,Val-d'Oise,2015,8270.0,2883.0,1207.0,939.0,149.0,5596.0,8715.0,17.0,9.0,237.0,28267.0,245.0
876,Val-d'Oise,2016,7937.0,3581.0,1553.0,988.0,333.0,4751.0,8461.0,2.0,3.0,295.0,27969.0,64.0
877,Val-d'Oise,2017,7901.0,4739.0,2025.0,1383.0,392.0,4061.0,8161.0,6.0,8.0,274.0,28963.0,12.0
878,Val-d'Oise,2018,8645.0,5488.0,2268.0,1643.0,598.0,2853.0,7431.0,10.0,15.0,427.0,29423.0,45.0
879,Val-d'Oise,2019,8665.0,5866.0,2953.0,1499.0,864.0,1805.0,6764.0,13.0,10.0,670.0,29293.0,183.0
880,Val-de-Marne,2010,7621.0,2248.0,995.0,192.0,60.0,8857.0,11164.0,1126.0,1.0,0.0,32265.0,0.0
881,Val-de-Marne,2011,7540.0,2380.0,1145.0,327.0,34.0,7486.0,12041.0,139.0,1.0,8.0,31107.0,0.0
882,Val-de-Marne,2012,5960.0,2090.0,941.0,93.0,427.0,6510.0,10113.0,10.0,0.0,47.0,26333.0,137.0
883,Val-de-Marne,2013,6029.0,2427.0,916.0,998.0,56.0,6696.0,8284.0,19.0,21.0,98.0,25747.0,198.0
884,Val-de-Marne,2014,6338.0,2595.0,1015.0,962.0,91.0,6931.0,7596.0,22.0,12.0,125.0,25866.0,179.0
885,Val-de-Marne,2015,7852.0,3235.0,1423.0,1104.0,253.0,6196.0,7732.0,17.0,11.0,227.0,28370.0,319.0
886,Val-de-Marne,2016,8144.0,4262.0,1839.0,1244.0,426.0,5875.0,8540.0,2.0,2.0,273.0,30699.0,84.0
887,Val-de-Marne,2017,7811.0,5015.0,2121.0,1785.0,528.0,5748.0,7978.0,2.0,5.0,413.0,31426.0,14.0
888,Val-de-Marne,2018,7986.0,5864.0,2353.0,1879.0,677.0,3900.0,7432.0,14.0,20.0,442.0,30610.0,42.0
889,Val-de-Marne,2019,8771.0,6515.0,3431.0,1621.0,1103.0,2005.0,7526.0,14.0,19.0,675.0,31822.0,140.0
890,Var,2010,9589.0,2005.0,998.0,101.0,54.0,12696.0,10950.0,1252.0,4.0,0.0,37652.0,0.0
891,Var,2011,9411.0,2246.0,1158.0,216.0,59.0,11077.0,11872.0,209.0,4.0,23.0,36275.0,0.0
892,Var,2012,7925.0,1915.0,971.0,67.0,291.0,8814.0,11116.0,22.0,9.0,45.0,31314.0,134.0
893,Var,2013,8576.0,2403.0,972.0,547.0,72.0,7947.0,8894.0,17.0,11.0,102.0,29734.0,192.0
894,Var,2014,9462.0,2643.0,971.0,518.0,75.0,7958.0,8751.0,21.0,13.0,188.0,30723.0,123.0
895,Var,2015,11090.0,3229.0,1313.0,583.0,190.0,6356.0,8357.0,15.0,9.0,300.0,31598.0,156.0
896,Var,2016,12110.0,4466.0,1740.0,728.0,321.0,5831.0,8235.0,2.0,1.0,353.0,33833.0,44.0
897,Var,2017,12507.0,5857.0,2193.0,1297.0,421.0,4898.0,8477.0,10.0,5.0,431.0,36111.0,15.0
898,Var,2018,14252.0,7142.0,2443.0,1483.0,625.0,3441.0,7672.0,13.0,11.0,482.0,37594.0,30.0
899,Var,2019,14884.0,7364.0,3396.0,1257.0,913.0,2760.0,7242.0,14.0,10.0,716.0,38773.0,217.0
900,Vaucluse,2010,3640.0,706.0,379.0,83.0,42.0,6946.0,6408.0,835.0,2.0,0.0,19044.0,0.0
901,Vaucluse,2011,3629.0,842.0,406.0,125.0,25.0,6454.0,6922.0,116.0,1.0,10.0,18531.0,0.0
902,Vaucluse,2012,3202.0,749.0,353.0,39.0,118.0,5316.0,6333.0,21.0,1.0,41.0,16290.0,117.0
903,Vaucluse,2013,3598.0,907.0,369.0,226.0,39.0,4941.0,5161.0,12.0,10.0,70.0,15446.0,112.0
904,Vaucluse,2014,4132.0,974.0,382.0,220.0,52.0,4641.0,4830.0,6.0,13.0,88.0,15408.0,69.0
905,Vaucluse,2015,4828.0,1353.0,573.0,210.0,109.0,4160.0,4853.0,8.0,3.0,144.0,16351.0,110.0
906,Vaucluse,2016,5202.0,1957.0,815.0,262.0,188.0,3473.0,4988.0,2.0,0.0,202.0,17117.0,28.0
907,Vaucluse,2017,5224.0,2782.0,976.0,496.0,175.0,2934.0,5216.0,7.0,8.0,217.0,18044.0,9.0
908,Vaucluse,2018,6077.0,3398.0,964.0,626.0,284.0,2175.0,4739.0,11.0,9.0,290.0,18600.0,27.0
909,Vaucluse,2019,6497.0,3330.0,1481.0,585.0,401.0,1535.0,4284.0,6.0,6.0,388.0,18615.0,101.0
910,Vendée,2010,3372.0,681.0,308.0,70.0,38.0,6302.0,6431.0,768.0,1.0,0.0,17971.0,0.0
911,Vendée,2011,3306.0,798.0,275.0,119.0,22.0,5523.0,6869.0,110.0,1.0,12.0,17035.0,0.0
912,Vendée,2012,2597.0,702.0,240.0,40.0,147.0,4621.0,5802.0,8.0,1.0,63.0,14322.0,100.0
913,Vendée,2013,3046.0,915.0,285.0,306.0,43.0,4701.0,4721.0,13.0,8.0,64.0,14219.0,117.0
914,Vendée,2014,3673.0,1050.0,296.0,259.0,42.0,4710.0,4571.0,10.0,6.0,99.0,14797.0,80.0
915,Vendée,2015,4267.0,1510.0,474.0,335.0,107.0,3994.0,4522.0,9.0,9.0,281.0,15646.0,137.0
916,Vendée,2016,4620.0,2134.0,703.0,382.0,145.0,3805.0,4627.0,0.0,0.0,337.0,16777.0,24.0
917,Vendée,2017,4539.0,2980.0,867.0,585.0,199.0,3084.0,4732.0,2.0,9.0,281.0,17295.0,11.0
918,Vendée,2018,6007.0,3508.0,808.0,869.0,254.0,2396.0,4643.0,6.0,10.0,300.0,18823.0,20.0
919,Vendée,2019,6167.0,3151.0,1142.0,806.0,441.0,1793.0,5142.0,4.0,8.0,431.0,19148.0,60.0
920,Vienne,2010,1878.0,400.0,146.0,40.0,6.0,3902.0,3929.0,531.0,1.0,0.0,10833.0,0.0
921,Vienne,2011,1930.0,453.0,162.0,67.0,9.0,3725.0,4250.0,80.0,2.0,113.0,10791.0,0.0
922,Vienne,2012,1892.0,395.0,161.0,20.0,81.0,6414.0,5711.0,11.0,0.0,63.0,14783.0,34.0
923,Vienne,2013,2150.0,500.0,139.0,199.0,6.0,3956.0,3262.0,8.0,5.0,47.0,10325.0,53.0
924,Vienne,2014,2647.0,623.0,151.0,168.0,14.0,5200.0,4232.0,16.0,6.0,50.0,13145.0,36.0
925,Vienne,2015,3801.0,876.0,299.0,185.0,28.0,5359.0,4337.0,2.0,2.0,223.0,15192.0,80.0
926,Vienne,2016,4174.0,1374.0,514.0,190.0,68.0,4830.0,4122.0,1.0,1.0,189.0,15482.0,19.0
927,Vienne,2017,5515.0,2202.0,705.0,497.0,77.0,4993.0,4599.0,2.0,1.0,176.0,18780.0,13.0
928,Vienne,2018,8756.0,3204.0,734.0,643.0,135.0,4148.0,4425.0,7.0,6.0,263.0,22343.0,22.0
929,Vienne,2019,7670.0,2441.0,787.0,683.0,345.0,2424.0,4048.0,7.0,5.0,222.0,18704.0,72.0
930,Vosges,2010,2383.0,426.0,239.0,20.0,6.0,4888.0,4282.0,448.0,5.0,0.0,12698.0,0.0
931,Vosges,2011,2161.0,492.0,219.0,36.0,4.0,4171.0,4585.0,72.0,4.0,8.0,11752.0,0.0
932,Vosges,2012,1808.0,387.0,196.0,16.0,47.0,3329.0,3678.0,9.0,5.0,8.0,9535.0,52.0
933,Vosges,2013,1955.0,505.0,206.0,88.0,7.0,3366.0,3063.0,13.0,6.0,30.0,9325.0,86.0
934,Vosges,2014,2339.0,515.0,202.0,79.0,7.0,3197.0,2853.0,6.0,7.0,36.0,9293.0,51.0
935,Vosges,2015,2653.0,753.0,267.0,77.0,13.0,2743.0,2877.0,7.0,5.0,80.0,9593.0,117.0
936,Vosges,2016,2945.0,1075.0,414.0,114.0,42.0,2301.0,3010.0,2.0,1.0,71.0,10003.0,27.0
937,Vosges,2017,3091.0,1512.0,446.0,176.0,59.0,1952.0,2971.0,1.0,2.0,98.0,10319.0,10.0
938,Vosges,2018,3615.0,1855.0,533.0,265.0,82.0,1542.0,2748.0,5.0,5.0,142.0,10808.0,16.0
939,Vosges,2019,3687.0,1649.0,637.0,223.0,139.0,1216.0,2836.0,4.0,5.0,153.0,10600.0,51.0
940,Yonne,2010,1699.0,424.0,173.0,40.0,7.0,3883.0,3769.0,394.0,1.0,0.0,10391.0,0.0
941,Yonne,2011,1585.0,471.0,173.0,36.0,4.0,3353.0,4085.0,40.0,2.0,6.0,9756.0,0.0
942,Yonne,2012,1335.0,417.0,139.0,16.0,54.0,2791.0,3639.0,13.0,5.0,12.0,8451.0,30.0
943,Yonne,2013,1522.0,435.0,142.0,135.0,10.0,2629.0,2940.0,12.0,7.0,22.0,7902.0,48.0
944,Yonne,2014,1652.0,542.0,150.0,111.0,9.0,2500.0,2849.0,6.0,5.0,29.0,7887.0,34.0
945,Yonne,2015,2040.0,751.0,226.0,147.0,26.0,2090.0,2653.0,14.0,1.0,60.0,8087.0,79.0
946,Yonne,2016,2115.0,945.0,308.0,181.0,73.0,1872.0,2574.0,2.0,0.0,80.0,8177.0,27.0
947,Yonne,2017,2150.0,1471.0,392.0,282.0,66.0,1732.0,2666.0,4.0,3.0,92.0,8865.0,7.0
948,Yonne,2018,2572.0,1629.0,485.0,333.0,95.0,1280.0,2633.0,3.0,6.0,121.0,9182.0,25.0
949,Yonne,2019,2598.0,1503.0,684.0,262.0,121.0,852.0,2482.0,10.0,13.0,111.0,8691.0,55.0
950,Yvelines,2010,15497.0,5003.0,3095.0,275.0,117.0,20836.0,38482.0,1704.0,3.0,121.0,85162.0,0.0
951,Yvelines,2011,16916.0,5554.0,3442.0,375.0,49.0,16973.0,37982.0,292.0,2.0,182.0,82082.0,0.0
952,Yvelines,2012,14558.0,3794.0,2609.0,107.0,624.0,14736.0,32539.0,59.0,4.0,323.0,70353.0,983.0
953,Yvelines,2013,15102.0,4435.0,3272.0,1070.0,95.0,14105.0,27552.0,90.0,38.0,372.0,67634.0,1501.0
954,Yvelines,2014,14665.0,5108.0,2727.0,933.0,151.0,13837.0,24448.0,95.0,18.0,562.0,63340.0,795.0
955,Yvelines,2015,17038.0,6539.0,3825.0,1129.0,409.0,14170.0,23039.0,32.0,8.0,935.0,68551.0,1423.0
956,Yvelines,2016,20293.0,9396.0,5251.0,1334.0,688.0,11277.0,23403.0,9.0,3.0,984.0,73012.0,370.0
957,Yvelines,2017,19851.0,10255.0,5415.0,2037.0,857.0,10811.0,22275.0,12.0,12.0,1261.0,72837.0,49.0
958,Yvelines,2018,19080.0,12771.0,6403.0,2358.0,981.0,9335.0,20549.0,26.0,24.0,1261.0,72862.0,70.0
959,Yvelines,2019,20987.0,14532.0,8094.0,1814.0,1693.0,5314.0,21749.0,28.0,24.0,1944.0,76537.0,337.0
