,Départements,Année,Electricité,Essence,Gazole,Hybride,GPL,Total
0,Ain,2010,0.0,5192.0,12670.0,0.0,0.0,18564.0
1,Ain,2011,10.0,5590.0,13504.0,0.0,97.0,19334.0
2,Ain,2012,21.0,4927.0,11208.0,246.0,18.0,16424.0
3,Ain,2013,55.0,5465.0,10299.0,352.0,23.0,16196.0
4,Ain,2014,60.0,5921.0,9408.0,314.0,14.0,15717.0
5,Ain,2015,156.0,7083.0,8706.0,471.0,7.0,16426.0
6,Ain,2016,225.0,8329.0,8544.0,445.0,0.0,17544.0
7,Ain,2017,227.0,9199.0,8342.0,690.0,8.0,18471.0
8,Ain,2018,310.0,10608.0,7211.0,975.0,17.0,19123.0
9,Ain,2019,426.0,11177.0,6856.0,1031.0,11.0,19502.0
10,Aisne,2010,0.0,4047.0,15516.0,0.0,0.0,20267.0
11,Aisne,2011,14.0,4360.0,16917.0,0.0,78.0,21428.0
12,Aisne,2012,27.0,3691.0,15455.0,151.0,8.0,19333.0
13,Aisne,2013,76.0,4229.0,13713.0,245.0,20.0,18286.0
14,Aisne,2014,87.0,4455.0,12653.0,224.0,19.0,17439.0
15,Aisne,2015,123.0,6312.0,12218.0,284.0,16.0,18953.0
16,Aisne,2016,150.0,7749.0,13070.0,296.0,0.0,21270.0
17,Aisne,2017,161.0,9338.0,13014.0,515.0,12.0,23041.0
18,Aisne,2018,165.0,11746.0,10677.0,668.0,16.0,23273.0
19,Aisne,2019,260.0,12563.0,10560.0,952.0,5.0,24354.0
20,Allier,2010,0.0,2649.0,7319.0,0.0,0.0,10418.0
21,Allier,2011,8.0,2604.0,7356.0,0.0,61.0,10070.0
22,Allier,2012,11.0,2062.0,5837.0,105.0,11.0,8028.0
23,Allier,2013,26.0,2225.0,5202.0,172.0,13.0,7638.0
24,Allier,2014,36.0,2509.0,4678.0,127.0,8.0,7358.0
25,Allier,2015,61.0,3197.0,4292.0,161.0,11.0,7723.0
26,Allier,2016,84.0,3809.0,4132.0,201.0,0.0,8227.0
27,Allier,2017,96.0,4353.0,3914.0,256.0,7.0,8626.0
28,Allier,2018,122.0,5170.0,3265.0,389.0,16.0,8962.0
29,Allier,2019,140.0,5415.0,3096.0,390.0,7.0,9049.0
30,Alpes-Maritimes,2010,3.0,15756.0,23623.0,0.0,1213.0,40897.0
31,Alpes-Maritimes,2011,117.0,15170.0,22995.0,0.0,169.0,38861.0
32,Alpes-Maritimes,2012,167.0,13174.0,19224.0,587.0,32.0,33186.0
33,Alpes-Maritimes,2013,138.0,13485.0,17096.0,920.0,50.0,31690.0
34,Alpes-Maritimes,2014,240.0,14390.0,15456.0,851.0,32.0,30970.0
35,Alpes-Maritimes,2015,318.0,18411.0,14366.0,1073.0,32.0,34202.0
36,Alpes-Maritimes,2016,417.0,20294.0,13007.0,987.0,29.0,34741.0
37,Alpes-Maritimes,2017,528.0,20942.0,12275.0,1630.0,13.0,35391.0
38,Alpes-Maritimes,2018,790.0,22458.0,10196.0,2026.0,36.0,35507.0
39,Alpes-Maritimes,2019,1231.0,25067.0,8992.0,2457.0,24.0,37773.0
40,Alpes-de-Haute-Provence,2010,0.0,1398.0,3597.0,0.0,239.0,5262.0
41,Alpes-de-Haute-Provence,2011,2.0,1347.0,3561.0,0.0,44.0,4982.0
42,Alpes-de-Haute-Provence,2012,5.0,1112.0,3011.0,62.0,5.0,4196.0
43,Alpes-de-Haute-Provence,2013,11.0,1212.0,2577.0,108.0,8.0,3916.0
44,Alpes-de-Haute-Provence,2014,9.0,1389.0,2394.0,87.0,11.0,3890.0
45,Alpes-de-Haute-Provence,2015,30.0,1660.0,2382.0,128.0,6.0,4206.0
46,Alpes-de-Haute-Provence,2016,51.0,2009.0,2227.0,152.0,0.0,4440.0
47,Alpes-de-Haute-Provence,2017,86.0,2285.0,2151.0,245.0,0.0,4768.0
48,Alpes-de-Haute-Provence,2018,91.0,2507.0,1968.0,316.0,10.0,4892.0
49,Alpes-de-Haute-Provence,2019,127.0,2805.0,1711.0,312.0,0.0,4963.0
50,Ardennes,2010,0.0,1852.0,6736.0,0.0,461.0,9072.0
51,Ardennes,2011,2.0,1961.0,6644.0,0.0,75.0,8720.0
52,Ardennes,2012,24.0,1697.0,5429.0,61.0,15.0,7226.0
53,Ardennes,2013,12.0,1796.0,4558.0,116.0,17.0,6499.0
54,Ardennes,2014,24.0,1849.0,4312.0,90.0,0.0,6279.0
55,Ardennes,2015,47.0,2379.0,4139.0,130.0,5.0,6700.0
56,Ardennes,2016,75.0,2871.0,3808.0,132.0,0.0,6886.0
57,Ardennes,2017,51.0,3160.0,3628.0,247.0,6.0,7092.0
58,Ardennes,2018,143.0,3732.0,3020.0,313.0,11.0,7220.0
59,Ardennes,2019,114.0,4107.0,2818.0,307.0,9.0,7356.0
60,Ardèche,2010,0.0,2310.0,6212.0,0.0,433.0,8981.0
61,Ardèche,2011,2.0,2328.0,5891.0,0.0,70.0,8325.0
62,Ardèche,2012,20.0,1960.0,4582.0,93.0,15.0,6670.0
63,Ardèche,2013,31.0,2338.0,3906.0,119.0,16.0,6410.0
64,Ardèche,2014,28.0,2610.0,3618.0,85.0,14.0,6355.0
65,Ardèche,2015,93.0,3148.0,3287.0,139.0,2.0,6669.0
66,Ardèche,2016,144.0,3668.0,2933.0,137.0,0.0,6883.0
67,Ardèche,2017,152.0,4005.0,2762.0,238.0,4.0,7161.0
68,Ardèche,2018,159.0,4722.0,2367.0,278.0,7.0,7533.0
69,Ardèche,2019,157.0,4649.0,2175.0,340.0,12.0,7333.0
70,Ariège,2010,0.0,916.0,3338.0,0.0,224.0,4497.0
71,Ariège,2011,1.0,901.0,3525.0,0.0,28.0,4470.0
72,Ariège,2012,13.0,702.0,3363.0,43.0,6.0,4128.0
73,Ariège,2013,11.0,895.0,3055.0,66.0,7.0,4034.0
74,Ariège,2014,15.0,1095.0,3124.0,47.0,7.0,4288.0
75,Ariège,2015,35.0,1428.0,3002.0,64.0,0.0,4530.0
76,Ariège,2016,36.0,1609.0,2961.0,111.0,0.0,4719.0
77,Ariège,2017,45.0,1756.0,1886.0,157.0,2.0,3846.0
78,Ariège,2018,64.0,2146.0,1602.0,175.0,0.0,3992.0
79,Ariège,2019,75.0,2249.0,1536.0,185.0,0.0,4047.0
80,Aube,2010,0.0,2131.0,6468.0,0.0,247.0,8875.0
81,Aube,2011,2.0,2171.0,6330.0,0.0,53.0,8589.0
82,Aube,2012,12.0,1839.0,5302.0,103.0,6.0,7263.0
83,Aube,2013,23.0,1983.0,4629.0,172.0,7.0,6814.0
84,Aube,2014,29.0,2131.0,4119.0,120.0,6.0,6406.0
85,Aube,2015,57.0,2541.0,3978.0,191.0,2.0,6769.0
86,Aube,2016,83.0,2864.0,3763.0,210.0,0.0,6921.0
87,Aube,2017,73.0,3530.0,3543.0,336.0,6.0,7489.0
88,Aube,2018,93.0,4303.0,3292.0,395.0,0.0,8085.0
89,Aube,2019,148.0,4135.0,2711.0,389.0,3.0,7386.0
90,Aude,2010,0.0,2551.0,7975.0,0.0,367.0,10932.0
91,Aude,2011,8.0,2570.0,8051.0,0.0,0.0,10715.0
92,Aude,2012,11.0,2336.0,6773.0,105.0,6.0,9234.0
93,Aude,2013,22.0,2321.0,5582.0,204.0,10.0,8139.0
94,Aude,2014,35.0,2660.0,5438.0,154.0,0.0,8298.0
95,Aude,2015,62.0,3502.0,5135.0,217.0,12.0,8928.0
96,Aude,2016,88.0,4040.0,4978.0,207.0,2.0,9315.0
97,Aude,2017,99.0,4717.0,4666.0,394.0,0.0,9876.0
98,Aude,2018,124.0,6164.0,4002.0,573.0,6.0,10869.0
99,Aude,2019,226.0,6253.0,3822.0,684.0,4.0,10989.0
100,Aveyron,2010,0.0,1545.0,5639.0,0.0,0.0,7475.0
101,Aveyron,2011,3.0,1515.0,5221.0,0.0,54.0,6812.0
102,Aveyron,2012,21.0,1235.0,4508.0,73.0,8.0,5845.0
103,Aveyron,2013,9.0,1486.0,4193.0,126.0,6.0,5820.0
104,Aveyron,2014,23.0,1663.0,3869.0,101.0,6.0,5662.0
105,Aveyron,2015,49.0,2155.0,3762.0,144.0,1.0,6111.0
106,Aveyron,2016,68.0,2550.0,3692.0,138.0,0.0,6448.0
107,Aveyron,2017,89.0,2831.0,3329.0,252.0,0.0,6503.0
108,Aveyron,2018,90.0,3446.0,3049.0,280.0,6.0,6871.0
109,Aveyron,2019,131.0,3548.0,2931.0,313.0,4.0,6927.0
110,Bas-Rhin,2010,1.0,9680.0,24354.0,0.0,1043.0,35313.0
111,Bas-Rhin,2011,41.0,9525.0,24395.0,0.0,167.0,34379.0
112,Bas-Rhin,2012,123.0,7897.0,20255.0,465.0,26.0,28772.0
113,Bas-Rhin,2013,358.0,8611.0,17605.0,950.0,37.0,27566.0
114,Bas-Rhin,2014,178.0,9328.0,16704.0,850.0,28.0,27090.0
115,Bas-Rhin,2015,253.0,11375.0,16971.0,1052.0,17.0,29677.0
116,Bas-Rhin,2016,405.0,13741.0,17603.0,1096.0,6.0,32854.0
117,Bas-Rhin,2017,531.0,16673.0,16881.0,1546.0,11.0,35645.0
118,Bas-Rhin,2018,561.0,19638.0,14505.0,1865.0,37.0,36616.0
119,Bas-Rhin,2019,828.0,21722.0,14995.0,2457.0,32.0,40043.0
120,Bouches-du-Rhône,2010,1.0,19216.0,44294.0,0.0,2488.0,66328.0
121,Bouches-du-Rhône,2011,29.0,19013.0,43786.0,0.0,368.0,63596.0
122,Bouches-du-Rhône,2012,163.0,16313.0,37037.0,636.0,57.0,54246.0
123,Bouches-du-Rhône,2013,303.0,17716.0,32426.0,1120.0,54.0,51643.0
124,Bouches-du-Rhône,2014,289.0,19225.0,30916.0,1015.0,49.0,51517.0
125,Bouches-du-Rhône,2015,455.0,23609.0,28691.0,1405.0,31.0,54201.0
126,Bouches-du-Rhône,2016,623.0,26995.0,27581.0,1408.0,7.0,56645.0
127,Bouches-du-Rhône,2017,774.0,29428.0,26833.0,2315.0,27.0,59394.0
128,Bouches-du-Rhône,2018,1082.0,33162.0,21926.0,3194.0,39.0,59412.0
129,Bouches-du-Rhône,2019,2313.0,36442.0,19162.0,3660.0,29.0,61626.0
130,Calvados,2010,0.0,5819.0,15373.0,0.0,1058.0,22340.0
131,Calvados,2011,13.0,6178.0,15228.0,0.0,86.0,21651.0
132,Calvados,2012,33.0,5000.0,13550.0,326.0,19.0,18928.0
133,Calvados,2013,51.0,5585.0,11820.0,501.0,22.0,17979.0
134,Calvados,2014,80.0,5945.0,11061.0,471.0,16.0,17573.0
135,Calvados,2015,124.0,7709.0,10601.0,619.0,15.0,19070.0
136,Calvados,2016,223.0,9159.0,10558.0,615.0,2.0,20557.0
137,Calvados,2017,221.0,11185.0,9957.0,881.0,5.0,22249.0
138,Calvados,2018,258.0,13811.0,7971.0,1208.0,28.0,23276.0
139,Calvados,2019,388.0,14015.0,7913.0,1234.0,12.0,23562.0
140,Cantal,2010,0.0,976.0,3322.0,0.0,174.0,4488.0
141,Cantal,2011,2.0,1036.0,3256.0,0.0,0.0,4329.0
142,Cantal,2012,0.0,842.0,2727.0,43.0,7.0,3620.0
143,Cantal,2013,12.0,958.0,2397.0,84.0,7.0,3458.0
144,Cantal,2014,12.0,1157.0,2358.0,53.0,0.0,3581.0
145,Cantal,2015,18.0,1438.0,2130.0,77.0,0.0,3664.0
146,Cantal,2016,34.0,1680.0,1991.0,107.0,2.0,3814.0
147,Cantal,2017,29.0,1907.0,1945.0,139.0,2.0,4022.0
148,Cantal,2018,52.0,2429.0,1536.0,165.0,0.0,4183.0
149,Cantal,2019,54.0,2420.0,1546.0,204.0,3.0,4227.0
150,Charente,2010,0.0,2052.0,6828.0,0.0,0.0,9319.0
151,Charente,2011,14.0,2044.0,6700.0,0.0,0.0,8886.0
152,Charente,2012,49.0,1669.0,5910.0,138.0,0.0,7780.0
153,Charente,2013,29.0,1839.0,5112.0,207.0,10.0,7197.0
154,Charente,2014,56.0,2174.0,4820.0,165.0,17.0,7233.0
155,Charente,2015,79.0,2918.0,4961.0,203.0,0.0,8162.0
156,Charente,2016,106.0,3551.0,4659.0,211.0,0.0,8527.0
157,Charente,2017,114.0,3992.0,4279.0,363.0,5.0,8753.0
158,Charente,2018,158.0,5127.0,3521.0,487.0,14.0,9307.0
159,Charente,2019,211.0,5371.0,3473.0,534.0,5.0,9594.0
160,Charente-Maritime,2010,0.0,5197.0,14237.0,0.0,824.0,20368.0
161,Charente-Maritime,2011,42.0,5068.0,13764.0,0.0,155.0,19202.0
162,Charente-Maritime,2012,53.0,4195.0,11852.0,284.0,16.0,16402.0
163,Charente-Maritime,2013,97.0,4733.0,10520.0,510.0,27.0,15888.0
164,Charente-Maritime,2014,74.0,5661.0,9730.0,458.0,25.0,15948.0
165,Charente-Maritime,2015,180.0,7383.0,9443.0,634.0,24.0,17665.0
166,Charente-Maritime,2016,225.0,8579.0,9024.0,677.0,0.0,18507.0
167,Charente-Maritime,2017,225.0,9945.0,8483.0,870.0,12.0,19535.0
168,Charente-Maritime,2018,334.0,12683.0,7408.0,1343.0,29.0,21797.0
169,Charente-Maritime,2019,449.0,13582.0,7111.0,1417.0,19.0,22578.0
170,Cher,2010,0.0,2250.0,6375.0,0.0,0.0,8861.0
171,Cher,2011,6.0,2101.0,6133.0,0.0,0.0,8313.0
172,Cher,2012,9.0,1796.0,5444.0,90.0,0.0,7347.0
173,Cher,2013,31.0,1876.0,4447.0,130.0,9.0,6495.0
174,Cher,2014,48.0,2072.0,4197.0,150.0,8.0,6476.0
175,Cher,2015,78.0,2762.0,4094.0,221.0,7.0,7162.0
176,Cher,2016,79.0,3152.0,3793.0,182.0,0.0,7207.0
177,Cher,2017,73.0,3439.0,3420.0,230.0,0.0,7163.0
178,Cher,2018,87.0,4180.0,3126.0,372.0,7.0,7772.0
179,Cher,2019,143.0,4347.0,2655.0,396.0,0.0,7543.0
180,Corrèze,2010,0.0,1944.0,6148.0,0.0,275.0,8395.0
181,Corrèze,2011,5.0,1862.0,6199.0,0.0,54.0,8151.0
182,Corrèze,2012,18.0,1593.0,5444.0,73.0,8.0,7136.0
183,Corrèze,2013,19.0,1740.0,4934.0,123.0,15.0,6831.0
184,Corrèze,2014,27.0,2224.0,4815.0,121.0,10.0,7197.0
185,Corrèze,2015,63.0,3057.0,4442.0,151.0,6.0,7719.0
186,Corrèze,2016,63.0,3671.0,4490.0,150.0,0.0,8375.0
187,Corrèze,2017,78.0,4396.0,4016.0,215.0,6.0,8711.0
188,Corrèze,2018,102.0,4536.0,3147.0,288.0,9.0,8083.0
189,Corrèze,2019,120.0,4353.0,2969.0,325.0,14.0,7781.0
190,Corse-du-Sud,2010,0.0,4038.0,6501.0,0.0,108.0,10661.0
191,Corse-du-Sud,2011,4.0,3811.0,7394.0,0.0,31.0,11253.0
192,Corse-du-Sud,2012,3.0,2972.0,7557.0,47.0,2.0,10582.0
193,Corse-du-Sud,2013,12.0,3090.0,7019.0,63.0,8.0,10192.0
194,Corse-du-Sud,2014,21.0,3342.0,6854.0,45.0,2.0,10264.0
195,Corse-du-Sud,2015,20.0,4848.0,5947.0,182.0,0.0,10997.0
196,Corse-du-Sud,2016,26.0,6331.0,5775.0,106.0,0.0,12238.0
197,Corse-du-Sud,2017,48.0,8010.0,5505.0,247.0,0.0,13811.0
198,Corse-du-Sud,2018,70.0,9903.0,4275.0,340.0,0.0,14589.0
199,Corse-du-Sud,2019,86.0,10157.0,3940.0,396.0,7.0,14586.0
200,Creuse,2010,0.0,616.0,2550.0,0.0,139.0,3316.0
201,Creuse,2011,1.0,647.0,2288.0,0.0,0.0,2971.0
202,Creuse,2012,3.0,507.0,1918.0,35.0,3.0,2466.0
203,Creuse,2013,7.0,503.0,1673.0,45.0,5.0,2233.0
204,Creuse,2014,12.0,657.0,1783.0,37.0,0.0,2493.0
205,Creuse,2015,17.0,798.0,1571.0,56.0,3.0,2445.0
206,Creuse,2016,19.0,941.0,1455.0,50.0,0.0,2465.0
207,Creuse,2017,41.0,1101.0,1351.0,70.0,0.0,2565.0
208,Creuse,2018,29.0,1435.0,1245.0,114.0,0.0,2825.0
209,Creuse,2019,40.0,1460.0,1093.0,107.0,6.0,2706.0
210,Côte-d'Or,2010,0.0,4332.0,12303.0,0.0,609.0,17322.0
211,Côte-d'Or,2011,14.0,4335.0,11931.0,0.0,60.0,16453.0
212,Côte-d'Or,2012,39.0,3664.0,9510.0,214.0,13.0,13440.0
213,Côte-d'Or,2013,51.0,4069.0,8635.0,418.0,29.0,13202.0
214,Côte-d'Or,2014,77.0,4387.0,8269.0,310.0,20.0,13063.0
215,Côte-d'Or,2015,136.0,5562.0,7491.0,477.0,8.0,13674.0
216,Côte-d'Or,2016,156.0,6281.0,7288.0,426.0,3.0,14155.0
217,Côte-d'Or,2017,88.0,7186.0,6907.0,603.0,5.0,14789.0
218,Côte-d'Or,2018,181.0,8243.0,6264.0,784.0,14.0,15486.0
219,Côte-d'Or,2019,248.0,8857.0,5917.0,942.0,12.0,15976.0
220,Côtes-d'Armor,2010,0.0,4469.0,12701.0,0.0,0.0,17934.0
221,Côtes-d'Armor,2011,10.0,4555.0,12256.0,0.0,0.0,16969.0
222,Côtes-d'Armor,2012,17.0,3506.0,9932.0,147.0,15.0,13619.0
223,Côtes-d'Armor,2013,75.0,4252.0,8777.0,269.0,22.0,13401.0
224,Côtes-d'Armor,2014,59.0,4829.0,8222.0,223.0,21.0,13354.0
225,Côtes-d'Armor,2015,106.0,5984.0,7557.0,303.0,18.0,13970.0
226,Côtes-d'Armor,2016,172.0,7214.0,7211.0,414.0,4.0,15016.0
227,Côtes-d'Armor,2017,207.0,8218.0,6905.0,554.0,5.0,15890.0
228,Côtes-d'Armor,2018,228.0,10371.0,5661.0,691.0,13.0,16964.0
229,Côtes-d'Armor,2019,274.0,10339.0,5584.0,825.0,20.0,17046.0
230,Deux-Sèvres,2010,0.0,1915.0,6873.0,0.0,363.0,9196.0
231,Deux-Sèvres,2011,78.0,1916.0,7003.0,0.0,0.0,9105.0
232,Deux-Sèvres,2012,190.0,1561.0,5813.0,108.0,0.0,7683.0
233,Deux-Sèvres,2013,91.0,1731.0,5464.0,176.0,9.0,7475.0
234,Deux-Sèvres,2014,37.0,2096.0,5222.0,179.0,12.0,7546.0
235,Deux-Sèvres,2015,65.0,2500.0,4764.0,188.0,5.0,7522.0
236,Deux-Sèvres,2016,111.0,2990.0,4397.0,235.0,2.0,7761.0
237,Deux-Sèvres,2017,105.0,3284.0,4278.0,339.0,0.0,8007.0
238,Deux-Sèvres,2018,131.0,4411.0,3626.0,405.0,6.0,8579.0
239,Deux-Sèvres,2019,123.0,4130.0,3411.0,437.0,12.0,8113.0
240,Dordogne,2010,0.0,2645.0,8262.0,0.0,521.0,11490.0
241,Dordogne,2011,5.0,2607.0,8145.0,0.0,88.0,10917.0
242,Dordogne,2012,9.0,2084.0,7133.0,151.0,13.0,9390.0
243,Dordogne,2013,34.0,2418.0,6221.0,229.0,21.0,8923.0
244,Dordogne,2014,44.0,2845.0,6083.0,163.0,16.0,9151.0
245,Dordogne,2015,92.0,3651.0,5889.0,244.0,9.0,9885.0
246,Dordogne,2016,116.0,4477.0,5488.0,256.0,2.0,10339.0
247,Dordogne,2017,164.0,5273.0,5205.0,452.0,6.0,11100.0
248,Dordogne,2018,195.0,6589.0,4330.0,514.0,12.0,11640.0
249,Dordogne,2019,217.0,6583.0,3962.0,628.0,29.0,11421.0
250,Doubs,2010,1.0,6874.0,21837.0,0.0,552.0,29317.0
251,Doubs,2011,15.0,6590.0,21602.0,0.0,135.0,28866.0
252,Doubs,2012,72.0,5448.0,19164.0,599.0,17.0,25300.0
253,Doubs,2013,39.0,6233.0,16942.0,884.0,15.0,24113.0
254,Doubs,2014,63.0,6930.0,16154.0,518.0,12.0,23677.0
255,Doubs,2015,122.0,8729.0,14510.0,848.0,8.0,24218.0
256,Doubs,2016,130.0,10143.0,12720.0,443.0,0.0,23449.0
257,Doubs,2017,152.0,10876.0,9853.0,431.0,7.0,21320.0
258,Doubs,2018,204.0,12003.0,7630.0,645.0,26.0,20509.0
259,Doubs,2019,287.0,12626.0,6765.0,959.0,17.0,20654.0
260,Drôme,2010,0.0,3942.0,11162.0,0.0,685.0,15851.0
261,Drôme,2011,17.0,4140.0,11256.0,0.0,118.0,15618.0
262,Drôme,2012,44.0,3350.0,9121.0,225.0,23.0,12765.0
263,Drôme,2013,58.0,4017.0,8080.0,297.0,21.0,12474.0
264,Drôme,2014,87.0,4405.0,7713.0,274.0,13.0,12492.0
265,Drôme,2015,185.0,5423.0,6885.0,365.0,12.0,12870.0
266,Drôme,2016,222.0,6163.0,6534.0,374.0,4.0,13297.0
267,Drôme,2017,268.0,6988.0,6498.0,539.0,15.0,14314.0
268,Drôme,2018,282.0,8281.0,5464.0,682.0,11.0,14721.0
269,Drôme,2019,313.0,8506.0,5005.0,837.0,12.0,14673.0
270,Essonne,2010,1.0,12005.0,27291.0,0.0,1614.0,41172.0
271,Essonne,2011,17.0,12474.0,27841.0,0.0,251.0,40954.0
272,Essonne,2012,83.0,10238.0,23798.0,734.0,25.0,34879.0
273,Essonne,2013,162.0,11605.0,19451.0,1251.0,58.0,32527.0
274,Essonne,2014,203.0,12340.0,19405.0,1106.0,36.0,33090.0
275,Essonne,2015,413.0,15441.0,18287.0,1773.0,39.0,35953.0
276,Essonne,2016,440.0,16997.0,16995.0,1609.0,7.0,36049.0
277,Essonne,2017,575.0,18767.0,15374.0,2234.0,18.0,36974.0
278,Essonne,2018,623.0,21900.0,13243.0,2700.0,38.0,38504.0
279,Essonne,2019,875.0,22806.0,11272.0,3018.0,49.0,38021.0
280,Eure,2010,0.0,4163.0,13623.0,0.0,671.0,18502.0
281,Eure,2011,7.0,4115.0,13609.0,0.0,79.0,17867.0
282,Eure,2012,84.0,3432.0,11443.0,170.0,14.0,15144.0
283,Eure,2013,49.0,3894.0,9989.0,247.0,30.0,14209.0
284,Eure,2014,98.0,4257.0,9148.0,230.0,21.0,13754.0
285,Eure,2015,164.0,5549.0,8633.0,335.0,10.0,14691.0
286,Eure,2016,191.0,6366.0,7975.0,319.0,0.0,14854.0
287,Eure,2017,216.0,7832.0,7619.0,497.0,2.0,16166.0
288,Eure,2018,249.0,9515.0,6805.0,674.0,13.0,17256.0
289,Eure,2019,318.0,9574.0,5961.0,746.0,18.0,16617.0
290,Eure-et-Loir,2010,0.0,3257.0,10617.0,0.0,618.0,14545.0
291,Eure-et-Loir,2011,3.0,3442.0,10775.0,0.0,0.0,14384.0
292,Eure-et-Loir,2012,29.0,3071.0,9327.0,176.0,12.0,12616.0
293,Eure-et-Loir,2013,53.0,3467.0,8253.0,252.0,14.0,12039.0
294,Eure-et-Loir,2014,83.0,3828.0,7638.0,233.0,18.0,11800.0
295,Eure-et-Loir,2015,118.0,4512.0,7184.0,291.0,7.0,12112.0
296,Eure-et-Loir,2016,161.0,5349.0,7100.0,345.0,0.0,12958.0
297,Eure-et-Loir,2017,177.0,6399.0,6547.0,470.0,5.0,13599.0
298,Eure-et-Loir,2018,207.0,7347.0,5918.0,629.0,11.0,14112.0
299,Eure-et-Loir,2019,308.0,7974.0,5261.0,785.0,6.0,14334.0
300,Finistère,2010,0.0,7843.0,20236.0,0.0,0.0,29145.0
301,Finistère,2011,5.0,7882.0,18514.0,0.0,135.0,26687.0
302,Finistère,2012,28.0,5931.0,15255.0,239.0,27.0,21480.0
303,Finistère,2013,75.0,7208.0,13416.0,388.0,29.0,21118.0
304,Finistère,2014,85.0,8332.0,12521.0,371.0,37.0,21349.0
305,Finistère,2015,150.0,10162.0,11201.0,508.0,19.0,22040.0
306,Finistère,2016,234.0,11436.0,10540.0,586.0,5.0,22802.0
307,Finistère,2017,284.0,13061.0,9546.0,846.0,7.0,23746.0
308,Finistère,2018,304.0,15743.0,7947.0,1276.0,34.0,25304.0
309,Finistère,2019,395.0,15520.0,7581.0,1282.0,25.0,24803.0
310,Gard,2010,0.0,5654.0,15589.0,0.0,782.0,22114.0
311,Gard,2011,9.0,5764.0,15442.0,0.0,0.0,21455.0
312,Gard,2012,38.0,5208.0,12621.0,229.0,32.0,18130.0
313,Gard,2013,89.0,5698.0,11197.0,423.0,28.0,17435.0
314,Gard,2014,92.0,6388.0,10566.0,325.0,18.0,17389.0
315,Gard,2015,170.0,7946.0,9649.0,484.0,9.0,18258.0
316,Gard,2016,205.0,9523.0,8980.0,458.0,2.0,19175.0
317,Gard,2017,282.0,11083.0,8561.0,866.0,6.0,20798.0
318,Gard,2018,327.0,11931.0,6945.0,1189.0,18.0,20410.0
319,Gard,2019,445.0,13170.0,6263.0,1224.0,19.0,21121.0
320,Gers,2010,0.0,1101.0,4398.0,0.0,241.0,5766.0
321,Gers,2011,3.0,1104.0,4128.0,0.0,27.0,5282.0
322,Gers,2012,9.0,892.0,3535.0,65.0,0.0,4509.0
323,Gers,2013,19.0,1065.0,3193.0,123.0,3.0,4403.0
324,Gers,2014,20.0,1111.0,3027.0,109.0,6.0,4288.0
325,Gers,2015,35.0,1466.0,2921.0,135.0,2.0,4565.0
326,Gers,2016,56.0,1799.0,2693.0,187.0,0.0,4742.0
327,Gers,2017,82.0,2031.0,2483.0,212.0,8.0,4828.0
328,Gers,2018,111.0,2506.0,2089.0,259.0,4.0,4969.0
329,Gers,2019,129.0,2530.0,1911.0,274.0,3.0,4847.0
330,Gironde,2010,0.0,12501.0,30544.0,0.0,2225.0,45472.0
331,Gironde,2011,26.0,12222.0,30566.0,0.0,372.0,43475.0
332,Gironde,2012,81.0,10235.0,26183.0,562.0,68.0,37133.0
333,Gironde,2013,168.0,12501.0,23831.0,983.0,114.0,37598.0
334,Gironde,2014,240.0,13090.0,21741.0,939.0,65.0,36079.0
335,Gironde,2015,430.0,15980.0,21127.0,1176.0,68.0,38798.0
336,Gironde,2016,599.0,19197.0,20402.0,1315.0,6.0,41519.0
337,Gironde,2017,635.0,21784.0,20932.0,2156.0,26.0,45534.0
338,Gironde,2018,740.0,25657.0,17847.0,3084.0,81.0,47409.0
339,Gironde,2019,1050.0,28166.0,16629.0,3274.0,67.0,49196.0
340,Haut-Rhin,2010,0.0,8011.0,20135.0,0.0,691.0,28956.0
341,Haut-Rhin,2011,23.0,8432.0,19951.0,0.0,93.0,28665.0
342,Haut-Rhin,2012,120.0,7104.0,16475.0,436.0,13.0,24149.0
343,Haut-Rhin,2013,362.0,7628.0,13911.0,630.0,15.0,22550.0
344,Haut-Rhin,2014,136.0,8571.0,12531.0,531.0,21.0,21800.0
345,Haut-Rhin,2015,196.0,10039.0,11918.0,766.0,5.0,22929.0
346,Haut-Rhin,2016,293.0,11657.0,11109.0,603.0,0.0,23666.0
347,Haut-Rhin,2017,337.0,13359.0,10789.0,860.0,4.0,25355.0
348,Haut-Rhin,2018,441.0,15326.0,9182.0,1155.0,14.0,26122.0
349,Haut-Rhin,2019,635.0,15991.0,7880.0,1298.0,25.0,25829.0
350,Haute-Corse,2010,0.0,4615.0,9813.0,0.0,0.0,14530.0
351,Haute-Corse,2011,6.0,4364.0,10898.0,0.0,11.0,15301.0
352,Haute-Corse,2012,5.0,2118.0,12894.0,44.0,3.0,15064.0
353,Haute-Corse,2013,5.0,3434.0,10919.0,77.0,2.0,14437.0
354,Haute-Corse,2014,6.0,3925.0,11205.0,59.0,0.0,15196.0
355,Haute-Corse,2015,11.0,6045.0,8950.0,314.0,5.0,15325.0
356,Haute-Corse,2016,22.0,8221.0,9787.0,126.0,0.0,18156.0
357,Haute-Corse,2017,42.0,9821.0,10147.0,169.0,0.0,20179.0
358,Haute-Corse,2018,44.0,12175.0,7130.0,291.0,0.0,19642.0
359,Haute-Corse,2019,87.0,12997.0,6774.0,244.0,3.0,20105.0
360,Haute-Garonne,2010,1.0,10479.0,29026.0,0.0,1714.0,41425.0
361,Haute-Garonne,2011,25.0,10410.0,28725.0,0.0,335.0,39753.0
362,Haute-Garonne,2012,79.0,8758.0,24368.0,535.0,44.0,33784.0
363,Haute-Garonne,2013,173.0,9949.0,22081.0,918.0,54.0,33176.0
364,Haute-Garonne,2014,237.0,11287.0,20927.0,908.0,59.0,33419.0
365,Haute-Garonne,2015,399.0,14020.0,19900.0,1088.0,49.0,35458.0
366,Haute-Garonne,2016,620.0,16619.0,19321.0,1078.0,7.0,37648.0
367,Haute-Garonne,2017,677.0,19324.0,18629.0,1607.0,22.0,40262.0
368,Haute-Garonne,2018,970.0,23500.0,15109.0,2236.0,59.0,41874.0
369,Haute-Garonne,2019,1246.0,25364.0,13872.0,2588.0,63.0,43137.0
370,Haute-Loire,2010,0.0,1474.0,4629.0,0.0,334.0,6452.0
371,Haute-Loire,2011,3.0,1533.0,4354.0,0.0,0.0,5971.0
372,Haute-Loire,2012,10.0,1160.0,3624.0,71.0,7.0,4872.0
373,Haute-Loire,2013,12.0,1472.0,3109.0,110.0,16.0,4719.0
374,Haute-Loire,2014,11.0,1531.0,2815.0,79.0,13.0,4449.0
375,Haute-Loire,2015,46.0,2028.0,2601.0,98.0,8.0,4781.0
376,Haute-Loire,2016,59.0,2356.0,2404.0,125.0,0.0,4946.0
377,Haute-Loire,2017,61.0,2701.0,2267.0,157.0,5.0,5204.0
378,Haute-Loire,2018,70.0,3473.0,2031.0,218.0,10.0,5803.0
379,Haute-Loire,2019,90.0,3267.0,1882.0,265.0,9.0,5513.0
380,Haute-Marne,2010,0.0,1236.0,3914.0,0.0,242.0,5402.0
381,Haute-Marne,2011,3.0,1222.0,3769.0,0.0,42.0,5050.0
382,Haute-Marne,2012,14.0,1091.0,3210.0,56.0,7.0,4378.0
383,Haute-Marne,2013,11.0,1154.0,2830.0,82.0,14.0,4091.0
384,Haute-Marne,2014,26.0,1273.0,2644.0,45.0,7.0,3995.0
385,Haute-Marne,2015,32.0,1424.0,2362.0,59.0,3.0,3881.0
386,Haute-Marne,2016,31.0,1738.0,2276.0,85.0,0.0,4131.0
387,Haute-Marne,2017,35.0,2047.0,2115.0,133.0,0.0,4331.0
388,Haute-Marne,2018,48.0,2560.0,1684.0,177.0,9.0,4478.0
389,Haute-Marne,2019,61.0,2641.0,1719.0,184.0,10.0,4615.0
390,Haute-Savoie,2010,1.0,9306.0,19352.0,0.0,1065.0,29910.0
391,Haute-Savoie,2011,12.0,9270.0,19916.0,0.0,166.0,29652.0
392,Haute-Savoie,2012,32.0,8888.0,17898.0,516.0,32.0,27369.0
393,Haute-Savoie,2013,103.0,10435.0,15267.0,880.0,34.0,26721.0
394,Haute-Savoie,2014,135.0,10677.0,13727.0,792.0,28.0,25359.0
395,Haute-Savoie,2015,230.0,12847.0,13712.0,903.0,25.0,27718.0
396,Haute-Savoie,2016,424.0,14898.0,13279.0,1101.0,6.0,29713.0
397,Haute-Savoie,2017,465.0,16956.0,12287.0,1671.0,17.0,31402.0
398,Haute-Savoie,2018,730.0,18775.0,11355.0,2157.0,30.0,33058.0
399,Haute-Savoie,2019,909.0,19477.0,10211.0,2384.0,30.0,33020.0
400,Haute-Saône,2010,0.0,1592.0,6264.0,0.0,216.0,8090.0
401,Haute-Saône,2011,2.0,1520.0,5815.0,0.0,0.0,7400.0
402,Haute-Saône,2012,16.0,1259.0,4743.0,63.0,4.0,6085.0
403,Haute-Saône,2013,15.0,1558.0,4014.0,95.0,11.0,5696.0
404,Haute-Saône,2014,20.0,1756.0,3775.0,69.0,6.0,5626.0
405,Haute-Saône,2015,36.0,2336.0,3196.0,119.0,5.0,5693.0
406,Haute-Saône,2016,45.0,2946.0,2916.0,74.0,0.0,5983.0
407,Haute-Saône,2017,49.0,3118.0,2474.0,104.0,0.0,5747.0
408,Haute-Saône,2018,53.0,3705.0,2207.0,141.0,6.0,6112.0
409,Haute-Saône,2019,80.0,3773.0,1935.0,179.0,8.0,5976.0
410,Haute-Vienne,2010,0.0,2602.0,8451.0,0.0,301.0,11402.0
411,Haute-Vienne,2011,4.0,2755.0,8139.0,0.0,46.0,11002.0
412,Haute-Vienne,2012,18.0,2178.0,6849.0,128.0,9.0,9182.0
413,Haute-Vienne,2013,29.0,2623.0,7368.0,203.0,14.0,10239.0
414,Haute-Vienne,2014,72.0,3051.0,6742.0,272.0,10.0,10147.0
415,Haute-Vienne,2015,95.0,3755.0,5500.0,257.0,8.0,9616.0
416,Haute-Vienne,2016,118.0,4327.0,5341.0,283.0,2.0,10072.0
417,Haute-Vienne,2017,105.0,5021.0,5145.0,331.0,0.0,10605.0
418,Haute-Vienne,2018,116.0,6104.0,4836.0,460.0,10.0,11526.0
419,Haute-Vienne,2019,157.0,6250.0,4096.0,563.0,5.0,11071.0
420,Hautes-Alpes,2010,0.0,1151.0,3280.0,0.0,248.0,4712.0
421,Hautes-Alpes,2011,1.0,1166.0,3278.0,0.0,25.0,4503.0
422,Hautes-Alpes,2012,3.0,996.0,2742.0,56.0,8.0,3805.0
423,Hautes-Alpes,2013,13.0,1112.0,2242.0,92.0,8.0,3467.0
424,Hautes-Alpes,2014,16.0,1325.0,2113.0,73.0,8.0,3535.0
425,Hautes-Alpes,2015,39.0,1496.0,1881.0,92.0,4.0,3512.0
426,Hautes-Alpes,2016,51.0,1715.0,1785.0,110.0,2.0,3663.0
427,Hautes-Alpes,2017,60.0,1941.0,1621.0,198.0,0.0,3825.0
428,Hautes-Alpes,2018,55.0,2273.0,1493.0,248.0,4.0,4073.0
429,Hautes-Alpes,2019,85.0,2259.0,1375.0,293.0,7.0,4019.0
430,Hautes-Pyrénées,2010,0.0,1788.0,4765.0,0.0,383.0,6953.0
431,Hautes-Pyrénées,2011,4.0,1771.0,4593.0,0.0,63.0,6456.0
432,Hautes-Pyrénées,2012,7.0,1440.0,3933.0,83.0,10.0,5473.0
433,Hautes-Pyrénées,2013,18.0,1588.0,3438.0,108.0,10.0,5162.0
434,Hautes-Pyrénées,2014,14.0,1854.0,3441.0,80.0,8.0,5397.0
435,Hautes-Pyrénées,2015,74.0,2424.0,3158.0,106.0,5.0,5768.0
436,Hautes-Pyrénées,2016,78.0,2694.0,3116.0,176.0,0.0,6064.0
437,Hautes-Pyrénées,2017,80.0,3159.0,2990.0,253.0,0.0,6487.0
438,Hautes-Pyrénées,2018,102.0,3922.0,2345.0,287.0,4.0,6660.0
439,Hautes-Pyrénées,2019,125.0,3783.0,2101.0,311.0,5.0,6329.0
440,Hauts-de-Seine,2010,29.0,16582.0,51799.0,0.0,1010.0,70128.0
441,Hauts-de-Seine,2011,725.0,16545.0,58943.0,0.0,150.0,77267.0
442,Hauts-de-Seine,2012,1763.0,13878.0,54472.0,1680.0,36.0,71836.0
443,Hauts-de-Seine,2013,1218.0,14871.0,46977.0,2810.0,49.0,65926.0
444,Hauts-de-Seine,2014,1661.0,16169.0,48053.0,3257.0,27.0,69167.0
445,Hauts-de-Seine,2015,2032.0,19306.0,48260.0,3992.0,21.0,73611.0
446,Hauts-de-Seine,2016,1492.0,22983.0,50321.0,3810.0,15.0,78632.0
447,Hauts-de-Seine,2017,1247.0,26227.0,47913.0,4541.0,14.0,79981.0
448,Hauts-de-Seine,2018,2179.0,30595.0,41432.0,5175.0,26.0,79412.0
449,Hauts-de-Seine,2019,1901.0,40375.0,37417.0,7145.0,45.0,86897.0
450,Hérault,2010,0.0,8772.0,23406.0,0.0,1238.0,33561.0
451,Hérault,2011,9.0,8906.0,22865.0,0.0,244.0,32246.0
452,Hérault,2012,37.0,7194.0,18471.0,412.0,44.0,26161.0
453,Hérault,2013,145.0,8035.0,16635.0,704.0,41.0,25565.0
454,Hérault,2014,178.0,9042.0,15865.0,718.0,34.0,25839.0
455,Hérault,2015,218.0,11217.0,15148.0,997.0,19.0,27600.0
456,Hérault,2016,301.0,13330.0,14445.0,827.0,7.0,28911.0
457,Hérault,2017,454.0,15744.0,13811.0,1313.0,8.0,31336.0
458,Hérault,2018,466.0,17937.0,11818.0,1875.0,28.0,32129.0
459,Hérault,2019,730.0,20023.0,10887.0,2018.0,17.0,33680.0
460,Ille-et-Vilaine,2010,0.0,6869.0,20067.0,0.0,1187.0,28204.0
461,Ille-et-Vilaine,2011,24.0,7150.0,19774.0,0.0,199.0,27292.0
462,Ille-et-Vilaine,2012,56.0,5301.0,16372.0,350.0,32.0,22114.0
463,Ille-et-Vilaine,2013,95.0,6334.0,14058.0,491.0,40.0,21023.0
464,Ille-et-Vilaine,2014,120.0,7103.0,13617.0,499.0,37.0,21376.0
465,Ille-et-Vilaine,2015,211.0,8979.0,12752.0,681.0,30.0,22658.0
466,Ille-et-Vilaine,2016,376.0,10586.0,11617.0,635.0,0.0,23221.0
467,Ille-et-Vilaine,2017,374.0,12023.0,11691.0,1012.0,18.0,25120.0
468,Ille-et-Vilaine,2018,493.0,15082.0,10014.0,1364.0,46.0,27000.0
469,Ille-et-Vilaine,2019,669.0,15215.0,9304.0,1561.0,41.0,26790.0
470,Indre,2010,0.0,1261.0,4260.0,0.0,0.0,5781.0
471,Indre,2011,2.0,1298.0,4366.0,0.0,0.0,5763.0
472,Indre,2012,7.0,1024.0,3644.0,77.0,8.0,4761.0
473,Indre,2013,17.0,1084.0,3127.0,111.0,6.0,4345.0
474,Indre,2014,16.0,1311.0,3168.0,90.0,6.0,4591.0
475,Indre,2015,43.0,1632.0,2939.0,133.0,2.0,4749.0
476,Indre,2016,63.0,1961.0,2894.0,108.0,0.0,5026.0
477,Indre,2017,74.0,2311.0,2743.0,171.0,0.0,5300.0
478,Indre,2018,72.0,2988.0,2348.0,234.0,6.0,5648.0
479,Indre,2019,98.0,2855.0,2065.0,258.0,7.0,5283.0
480,Indre-et-Loire,2010,0.0,4505.0,11177.0,0.0,876.0,16652.0
481,Indre-et-Loire,2011,10.0,4859.0,11480.0,0.0,132.0,16596.0
482,Indre-et-Loire,2012,37.0,3930.0,9757.0,280.0,27.0,14032.0
483,Indre-et-Loire,2013,70.0,4593.0,8643.0,422.0,32.0,13760.0
484,Indre-et-Loire,2014,90.0,5421.0,8731.0,400.0,31.0,14674.0
485,Indre-et-Loire,2015,196.0,6505.0,8239.0,517.0,25.0,15482.0
486,Indre-et-Loire,2016,209.0,7540.0,7822.0,506.0,0.0,16079.0
487,Indre-et-Loire,2017,254.0,8017.0,6970.0,634.0,8.0,15883.0
488,Indre-et-Loire,2018,328.0,9403.0,5953.0,873.0,26.0,16583.0
489,Indre-et-Loire,2019,456.0,9899.0,5774.0,950.0,31.0,17110.0
490,Isère,2010,1.0,9777.0,26226.0,0.0,1769.0,37927.0
491,Isère,2011,23.0,9842.0,26009.0,0.0,325.0,36413.0
492,Isère,2012,44.0,8439.0,21231.0,470.0,49.0,30243.0
493,Isère,2013,150.0,9570.0,18386.0,763.0,62.0,28936.0
494,Isère,2014,168.0,10796.0,16751.0,738.0,59.0,28515.0
495,Isère,2015,337.0,13329.0,16273.0,1021.0,37.0,30999.0
496,Isère,2016,490.0,15514.0,15213.0,886.0,19.0,32126.0
497,Isère,2017,638.0,17686.0,14097.0,1488.0,38.0,33952.0
498,Isère,2018,640.0,20488.0,12284.0,1850.0,59.0,35325.0
499,Isère,2019,849.0,20657.0,11097.0,2037.0,61.0,34706.0
500,Jura,2010,0.0,1983.0,6104.0,0.0,537.0,8647.0
501,Jura,2011,5.0,2023.0,6184.0,0.0,74.0,8318.0
502,Jura,2012,6.0,1759.0,5194.0,89.0,21.0,7069.0
503,Jura,2013,29.0,2182.0,4438.0,163.0,17.0,6829.0
504,Jura,2014,28.0,2311.0,4217.0,146.0,23.0,6725.0
505,Jura,2015,61.0,2933.0,4203.0,227.0,6.0,7430.0
506,Jura,2016,72.0,3416.0,3683.0,146.0,3.0,7320.0
507,Jura,2017,71.0,3689.0,3589.0,209.0,0.0,7560.0
508,Jura,2018,121.0,4449.0,3152.0,274.0,3.0,7999.0
509,Jura,2019,131.0,4562.0,2906.0,322.0,6.0,7927.0
510,Landes,2010,0.0,3076.0,9819.0,0.0,423.0,13367.0
511,Landes,2011,8.0,3119.0,9701.0,0.0,68.0,12956.0
512,Landes,2012,19.0,2590.0,7978.0,131.0,14.0,10733.0
513,Landes,2013,24.0,3005.0,7026.0,213.0,11.0,10279.0
514,Landes,2014,38.0,3448.0,6680.0,174.0,11.0,10351.0
515,Landes,2015,73.0,4618.0,6475.0,208.0,13.0,11388.0
516,Landes,2016,98.0,5210.0,5877.0,266.0,2.0,11455.0
517,Landes,2017,94.0,6014.0,5797.0,433.0,10.0,12348.0
518,Landes,2018,141.0,7405.0,5066.0,669.0,14.0,13295.0
519,Landes,2019,199.0,7618.0,4441.0,878.0,17.0,13157.0
520,Loir-et-Cher,2010,0.0,2360.0,7367.0,0.0,0.0,10116.0
521,Loir-et-Cher,2011,6.0,2215.0,6183.0,0.0,0.0,8501.0
522,Loir-et-Cher,2012,26.0,1918.0,5286.0,117.0,11.0,7358.0
523,Loir-et-Cher,2013,23.0,2035.0,4246.0,167.0,18.0,6489.0
524,Loir-et-Cher,2014,84.0,2178.0,4015.0,166.0,12.0,6455.0
525,Loir-et-Cher,2015,100.0,2597.0,4513.0,204.0,9.0,7423.0
526,Loir-et-Cher,2016,128.0,3231.0,3695.0,250.0,3.0,7307.0
527,Loir-et-Cher,2017,96.0,3781.0,3253.0,298.0,0.0,7429.0
528,Loir-et-Cher,2018,104.0,4832.0,3032.0,386.0,10.0,8364.0
529,Loir-et-Cher,2019,120.0,4878.0,2967.0,417.0,6.0,8390.0
530,Loire,2010,0.0,5677.0,15552.0,0.0,951.0,22228.0
531,Loire,2011,7.0,5628.0,15553.0,0.0,0.0,21390.0
532,Loire,2012,16.0,4653.0,13000.0,190.0,24.0,17885.0
533,Loire,2013,74.0,5564.0,11279.0,316.0,39.0,17273.0
534,Loire,2014,83.0,5999.0,10905.0,224.0,12.0,17229.0
535,Loire,2015,128.0,7338.0,10083.0,409.0,12.0,17970.0
536,Loire,2016,177.0,8542.0,9180.0,310.0,0.0,18211.0
537,Loire,2017,187.0,9618.0,8825.0,420.0,16.0,19069.0
538,Loire,2018,295.0,11283.0,7188.0,770.0,25.0,19566.0
539,Loire,2019,281.0,11639.0,6609.0,925.0,24.0,19479.0
540,Loire-Atlantique,2010,0.0,10756.0,27407.0,0.0,0.0,40280.0
541,Loire-Atlantique,2011,26.0,11206.0,27613.0,0.0,347.0,39489.0
542,Loire-Atlantique,2012,44.0,8509.0,21156.0,476.0,59.0,30305.0
543,Loire-Atlantique,2013,118.0,11039.0,21305.0,783.0,66.0,33352.0
544,Loire-Atlantique,2014,150.0,11474.0,16611.0,685.0,64.0,29007.0
545,Loire-Atlantique,2015,301.0,12804.0,15357.0,965.0,39.0,29481.0
546,Loire-Atlantique,2016,546.0,14615.0,14622.0,1003.0,2.0,30814.0
547,Loire-Atlantique,2017,521.0,17035.0,14837.0,1450.0,30.0,33896.0
548,Loire-Atlantique,2018,562.0,20796.0,12644.0,2259.0,71.0,36335.0
549,Loire-Atlantique,2019,849.0,22056.0,12470.0,2644.0,61.0,38095.0
550,Loiret,2010,0.0,5236.0,14651.0,0.0,0.0,20750.0
551,Loiret,2011,8.0,5600.0,14376.0,0.0,0.0,20251.0
552,Loiret,2012,26.0,4384.0,11701.0,252.0,14.0,16384.0
553,Loiret,2013,184.0,5122.0,10348.0,439.0,31.0,16126.0
554,Loiret,2014,194.0,5442.0,9702.0,366.0,23.0,15728.0
555,Loiret,2015,255.0,6676.0,9274.0,483.0,29.0,16717.0
556,Loiret,2016,332.0,7905.0,8367.0,474.0,4.0,17083.0
557,Loiret,2017,335.0,8864.0,8267.0,684.0,10.0,18164.0
558,Loiret,2018,282.0,9957.0,6924.0,884.0,20.0,18067.0
559,Loiret,2019,372.0,10764.0,6543.0,987.0,12.0,18678.0
560,Lot,2010,0.0,1157.0,3680.0,0.0,0.0,5139.0
561,Lot,2011,1.0,1094.0,3552.0,0.0,48.0,4714.0
562,Lot,2012,6.0,900.0,3071.0,65.0,0.0,4047.0
563,Lot,2013,16.0,951.0,2715.0,90.0,5.0,3777.0
564,Lot,2014,18.0,1142.0,2514.0,78.0,7.0,3759.0
565,Lot,2015,48.0,1517.0,2349.0,105.0,2.0,4021.0
566,Lot,2016,55.0,1814.0,2358.0,123.0,0.0,4351.0
567,Lot,2017,61.0,2008.0,2142.0,173.0,0.0,4384.0
568,Lot,2018,87.0,2402.0,1717.0,237.0,6.0,4449.0
569,Lot,2019,116.0,2312.0,1534.0,205.0,0.0,4168.0
570,Lot-et-Garonne,2010,0.0,2077.0,7390.0,0.0,414.0,9909.0
571,Lot-et-Garonne,2011,5.0,2019.0,7075.0,0.0,83.0,9220.0
572,Lot-et-Garonne,2012,9.0,1718.0,6119.0,114.0,10.0,7970.0
573,Lot-et-Garonne,2013,32.0,1998.0,5279.0,128.0,16.0,7453.0
574,Lot-et-Garonne,2014,26.0,2265.0,4889.0,166.0,21.0,7367.0
575,Lot-et-Garonne,2015,83.0,3009.0,4984.0,171.0,4.0,8251.0
576,Lot-et-Garonne,2016,138.0,3761.0,4858.0,246.0,0.0,9007.0
577,Lot-et-Garonne,2017,130.0,4869.0,4910.0,358.0,3.0,10272.0
578,Lot-et-Garonne,2018,211.0,5541.0,4047.0,471.0,12.0,10282.0
579,Lot-et-Garonne,2019,168.0,6114.0,3811.0,566.0,6.0,10670.0
580,Lozère,2010,0.0,415.0,1716.0,0.0,0.0,2215.0
581,Lozère,2011,0.0,373.0,1632.0,0.0,0.0,2026.0
582,Lozère,2012,1.0,271.0,1189.0,28.0,0.0,1489.0
583,Lozère,2013,5.0,344.0,1125.0,36.0,0.0,1511.0
584,Lozère,2014,3.0,408.0,1001.0,0.0,6.0,1443.0
585,Lozère,2015,13.0,550.0,1022.0,43.0,1.0,1629.0
586,Lozère,2016,9.0,645.0,840.0,32.0,0.0,1526.0
587,Lozère,2017,36.0,752.0,796.0,49.0,0.0,1634.0
588,Lozère,2018,25.0,928.0,710.0,62.0,0.0,1726.0
589,Lozère,2019,26.0,838.0,615.0,51.0,0.0,1530.0
590,Maine-et-Loire,2010,0.0,4490.0,12576.0,0.0,0.0,18141.0
591,Maine-et-Loire,2011,9.0,4566.0,12846.0,0.0,129.0,17670.0
592,Maine-et-Loire,2012,70.0,3705.0,10867.0,229.0,18.0,14891.0
593,Maine-et-Loire,2013,57.0,4151.0,9043.0,414.0,43.0,13709.0
594,Maine-et-Loire,2014,106.0,4543.0,9025.0,391.0,34.0,14099.0
595,Maine-et-Loire,2015,206.0,5739.0,8378.0,515.0,24.0,14863.0
596,Maine-et-Loire,2016,274.0,6722.0,8154.0,493.0,5.0,15663.0
597,Maine-et-Loire,2017,323.0,7742.0,8675.0,735.0,12.0,17490.0
598,Maine-et-Loire,2018,369.0,9669.0,7460.0,1049.0,34.0,18584.0
599,Maine-et-Loire,2019,462.0,10477.0,7242.0,1165.0,29.0,19380.0
600,Manche,2010,0.0,3157.0,9125.0,0.0,0.0,13032.0
601,Manche,2011,6.0,3155.0,9065.0,0.0,111.0,12399.0
602,Manche,2012,39.0,2584.0,7903.0,173.0,18.0,10718.0
603,Manche,2013,53.0,2830.0,7349.0,226.0,21.0,10479.0
604,Manche,2014,72.0,3346.0,6816.0,208.0,19.0,10461.0
605,Manche,2015,160.0,4083.0,6261.0,252.0,8.0,10770.0
606,Manche,2016,217.0,4936.0,5849.0,267.0,0.0,11270.0
607,Manche,2017,187.0,5608.0,5633.0,410.0,0.0,11842.0
608,Manche,2018,226.0,7268.0,4930.0,608.0,11.0,13043.0
609,Manche,2019,293.0,7335.0,4455.0,645.0,10.0,12738.0
610,Marne,2010,0.0,4319.0,15538.0,0.0,586.0,20531.0
611,Marne,2011,12.0,4481.0,15352.0,0.0,85.0,20026.0
612,Marne,2012,28.0,3900.0,13022.0,247.0,20.0,17217.0
613,Marne,2013,53.0,4360.0,11325.0,430.0,18.0,16189.0
614,Marne,2014,51.0,4653.0,10697.0,378.0,17.0,15796.0
615,Marne,2015,120.0,5962.0,9912.0,489.0,18.0,16501.0
616,Marne,2016,142.0,7001.0,9718.0,519.0,3.0,17383.0
617,Marne,2017,176.0,8059.0,9082.0,771.0,0.0,18094.0
618,Marne,2018,202.0,9889.0,7623.0,1003.0,18.0,18735.0
619,Marne,2019,273.0,10459.0,6853.0,1118.0,19.0,18722.0
620,Mayenne,2010,0.0,1613.0,4791.0,0.0,0.0,6774.0
621,Mayenne,2011,5.0,1622.0,4931.0,0.0,63.0,6652.0
622,Mayenne,2012,19.0,1245.0,4479.0,110.0,0.0,5858.0
623,Mayenne,2013,25.0,1533.0,3976.0,122.0,13.0,5669.0
624,Mayenne,2014,23.0,1809.0,3692.0,117.0,10.0,5651.0
625,Mayenne,2015,41.0,2219.0,3408.0,170.0,9.0,5847.0
626,Mayenne,2016,91.0,2523.0,3323.0,163.0,0.0,6101.0
627,Mayenne,2017,77.0,2790.0,3164.0,228.0,0.0,6264.0
628,Mayenne,2018,114.0,3508.0,2600.0,347.0,8.0,6577.0
629,Mayenne,2019,126.0,3365.0,2432.0,359.0,13.0,6295.0
630,Meurthe-et-Moselle,2010,0.0,6678.0,18223.0,0.0,809.0,25815.0
631,Meurthe-et-Moselle,2011,14.0,6414.0,17386.0,0.0,126.0,24057.0
632,Meurthe-et-Moselle,2012,43.0,5668.0,14205.0,301.0,33.0,20250.0
633,Meurthe-et-Moselle,2013,71.0,6113.0,12521.0,413.0,35.0,19154.0
634,Meurthe-et-Moselle,2014,103.0,6565.0,11931.0,364.0,25.0,18989.0
635,Meurthe-et-Moselle,2015,132.0,7901.0,10922.0,448.0,19.0,19424.0
636,Meurthe-et-Moselle,2016,162.0,9459.0,10190.0,415.0,3.0,20234.0
637,Meurthe-et-Moselle,2017,226.0,10631.0,9848.0,628.0,14.0,21354.0
638,Meurthe-et-Moselle,2018,296.0,11654.0,8122.0,863.0,31.0,20968.0
639,Meurthe-et-Moselle,2019,401.0,12185.0,7415.0,1043.0,28.0,21072.0
640,Meuse,2010,0.0,1155.0,4463.0,0.0,193.0,5825.0
641,Meuse,2011,5.0,1235.0,4227.0,0.0,28.0,5522.0
642,Meuse,2012,8.0,1168.0,3395.0,72.0,16.0,4659.0
643,Meuse,2013,33.0,1131.0,2989.0,81.0,6.0,4240.0
644,Meuse,2014,10.0,1192.0,2806.0,71.0,7.0,4086.0
645,Meuse,2015,32.0,1533.0,2460.0,72.0,2.0,4099.0
646,Meuse,2016,37.0,1736.0,2389.0,101.0,0.0,4265.0
647,Meuse,2017,55.0,2018.0,2185.0,161.0,0.0,4420.0
648,Meuse,2018,63.0,2502.0,1930.0,209.0,0.0,4707.0
649,Meuse,2019,82.0,2390.0,1818.0,223.0,3.0,4516.0
650,Morbihan,2010,0.0,5759.0,15195.0,0.0,807.0,21851.0
651,Morbihan,2011,9.0,5757.0,14852.0,0.0,134.0,20885.0
652,Morbihan,2012,20.0,4896.0,12357.0,258.0,20.0,17551.0
653,Morbihan,2013,83.0,5768.0,10823.0,413.0,28.0,17133.0
654,Morbihan,2014,84.0,6520.0,10174.0,382.0,17.0,17181.0
655,Morbihan,2015,115.0,8055.0,9500.0,505.0,10.0,18188.0
656,Morbihan,2016,236.0,9098.0,8687.0,611.0,0.0,18635.0
657,Morbihan,2017,265.0,10795.0,8217.0,917.0,10.0,20206.0
658,Morbihan,2018,246.0,13014.0,6918.0,1324.0,26.0,21531.0
659,Morbihan,2019,355.0,12771.0,6635.0,1287.0,14.0,21074.0
660,Moselle,2010,2.0,9076.0,25774.0,0.0,0.0,35934.0
661,Moselle,2011,41.0,9297.0,25816.0,0.0,162.0,35475.0
662,Moselle,2012,82.0,7963.0,20369.0,372.0,17.0,28810.0
663,Moselle,2013,113.0,8700.0,16618.0,620.0,27.0,26083.0
664,Moselle,2014,116.0,9720.0,15770.0,476.0,39.0,26126.0
665,Moselle,2015,214.0,11793.0,14893.0,639.0,31.0,27571.0
666,Moselle,2016,219.0,14321.0,14323.0,613.0,4.0,29480.0
667,Moselle,2017,278.0,15576.0,13843.0,908.0,6.0,30612.0
668,Moselle,2018,335.0,18082.0,12287.0,1292.0,23.0,32020.0
669,Moselle,2019,474.0,18279.0,11240.0,1474.0,25.0,31498.0
670,Nièvre,2010,0.0,1669.0,5084.0,0.0,231.0,7006.0
671,Nièvre,2011,5.0,1634.0,4783.0,0.0,25.0,6474.0
672,Nièvre,2012,5.0,1316.0,4250.0,45.0,7.0,5625.0
673,Nièvre,2013,15.0,1431.0,3502.0,111.0,10.0,5069.0
674,Nièvre,2014,12.0,1641.0,3382.0,97.0,5.0,5137.0
675,Nièvre,2015,26.0,2019.0,3024.0,143.0,6.0,5218.0
676,Nièvre,2016,42.0,2254.0,2801.0,120.0,0.0,5218.0
677,Nièvre,2017,41.0,2483.0,2583.0,187.0,0.0,5295.0
678,Nièvre,2018,53.0,2842.0,2309.0,252.0,0.0,5456.0
679,Nièvre,2019,80.0,3032.0,2213.0,255.0,2.0,5583.0
680,Nord,2010,9.0,19796.0,60589.0,0.0,5509.0,86239.0
681,Nord,2011,143.0,20911.0,59112.0,0.0,877.0,81496.0
682,Nord,2012,100.0,17693.0,49785.0,1044.0,147.0,68783.0
683,Nord,2013,243.0,19376.0,43805.0,1889.0,225.0,65552.0
684,Nord,2014,265.0,21069.0,40060.0,1511.0,189.0,63100.0
685,Nord,2015,512.0,25980.0,38097.0,2159.0,133.0,66892.0
686,Nord,2016,639.0,30641.0,35453.0,2116.0,58.0,68916.0
687,Nord,2017,708.0,35545.0,33974.0,3090.0,143.0,73469.0
688,Nord,2018,855.0,43550.0,28758.0,4142.0,240.0,77568.0
689,Nord,2019,1304.0,52977.0,28070.0,4817.0,227.0,87405.0
690,Oise,2010,0.0,31434.0,99695.0,0.0,976.0,132213.0
691,Oise,2011,279.0,29822.0,99763.0,0.0,115.0,130253.0
692,Oise,2012,29.0,20967.0,93326.0,578.0,18.0,114920.0
693,Oise,2013,68.0,20802.0,74075.0,1020.0,47.0,96015.0
694,Oise,2014,107.0,27609.0,77349.0,1956.0,25.0,107046.0
695,Oise,2015,167.0,37568.0,81313.0,3535.0,19.0,122605.0
696,Oise,2016,231.0,49659.0,78008.0,3208.0,2.0,131109.0
697,Oise,2017,233.0,58649.0,74071.0,2895.0,12.0,135860.0
698,Oise,2018,449.0,72796.0,53653.0,3769.0,17.0,130686.0
699,Oise,2019,632.0,82056.0,39519.0,5763.0,20.0,127990.0
700,Orne,2010,0.0,1738.0,5940.0,0.0,0.0,8042.0
701,Orne,2011,7.0,1779.0,5653.0,0.0,0.0,7540.0
702,Orne,2012,7.0,1470.0,4862.0,111.0,7.0,6459.0
703,Orne,2013,30.0,1613.0,4689.0,174.0,10.0,6516.0
704,Orne,2014,48.0,1895.0,4432.0,137.0,6.0,6518.0
705,Orne,2015,56.0,2542.0,4012.0,188.0,0.0,6803.0
706,Orne,2016,87.0,2826.0,3878.0,183.0,0.0,6974.0
707,Orne,2017,96.0,3238.0,3782.0,272.0,6.0,7394.0
708,Orne,2018,135.0,3908.0,3092.0,316.0,9.0,7460.0
709,Orne,2019,102.0,3836.0,3069.0,334.0,0.0,7356.0
710,Paris,2010,4.0,16666.0,33919.0,0.0,0.0,51979.0
711,Paris,2011,31.0,17366.0,36879.0,0.0,164.0,55273.0
712,Paris,2012,143.0,14497.0,35312.0,1354.0,13.0,51323.0
713,Paris,2013,660.0,14761.0,31671.0,2317.0,22.0,49432.0
714,Paris,2014,542.0,15987.0,29266.0,2330.0,23.0,48149.0
715,Paris,2015,561.0,19204.0,30134.0,3570.0,12.0,53488.0
716,Paris,2016,704.0,24445.0,29680.0,3333.0,0.0,58169.0
717,Paris,2017,1266.0,22984.0,25243.0,4317.0,14.0,53845.0
718,Paris,2018,1599.0,23970.0,20927.0,4628.0,36.0,51189.0
719,Paris,2019,2564.0,31577.0,15652.0,5875.0,22.0,55721.0
720,Pas-de-Calais,2010,1.0,10839.0,35996.0,0.0,2469.0,49431.0
721,Pas-de-Calais,2011,19.0,10837.0,34149.0,0.0,329.0,45514.0
722,Pas-de-Calais,2012,46.0,9270.0,28858.0,400.0,53.0,38635.0
723,Pas-de-Calais,2013,122.0,10408.0,25178.0,628.0,81.0,36422.0
724,Pas-de-Calais,2014,194.0,11317.0,22999.0,641.0,88.0,35241.0
725,Pas-de-Calais,2015,264.0,14282.0,20910.0,772.0,43.0,36271.0
726,Pas-de-Calais,2016,338.0,17168.0,20227.0,742.0,10.0,38488.0
727,Pas-de-Calais,2017,358.0,20232.0,18482.0,1157.0,20.0,40250.0
728,Pas-de-Calais,2018,428.0,25229.0,15475.0,1620.0,66.0,42818.0
729,Pas-de-Calais,2019,503.0,25315.0,13920.0,1895.0,62.0,41695.0
730,Puy-de-Dôme,2010,0.0,4748.0,13641.0,0.0,797.0,19259.0
731,Puy-de-Dôme,2011,9.0,4815.0,13821.0,0.0,140.0,18895.0
732,Puy-de-Dôme,2012,23.0,4287.0,11293.0,201.0,34.0,15839.0
733,Puy-de-Dôme,2013,59.0,4946.0,10088.0,375.0,32.0,15500.0
734,Puy-de-Dôme,2014,76.0,5521.0,9770.0,331.0,20.0,15718.0
735,Puy-de-Dôme,2015,164.0,6968.0,8836.0,407.0,20.0,16396.0
736,Puy-de-Dôme,2016,194.0,7683.0,8274.0,394.0,0.0,16547.0
737,Puy-de-Dôme,2017,199.0,9026.0,7964.0,657.0,7.0,17853.0
738,Puy-de-Dôme,2018,257.0,10531.0,6936.0,864.0,10.0,18598.0
739,Puy-de-Dôme,2019,351.0,10747.0,6214.0,917.0,14.0,18243.0
740,Pyrénées-Atlantiques,2010,0.0,6120.0,15362.0,0.0,877.0,22456.0
741,Pyrénées-Atlantiques,2011,11.0,6341.0,15459.0,0.0,0.0,22090.0
742,Pyrénées-Atlantiques,2012,38.0,5566.0,13038.0,294.0,21.0,18957.0
743,Pyrénées-Atlantiques,2013,78.0,6208.0,11495.0,556.0,32.0,18370.0
744,Pyrénées-Atlantiques,2014,81.0,7143.0,11207.0,546.0,15.0,18992.0
745,Pyrénées-Atlantiques,2015,164.0,8809.0,10124.0,658.0,23.0,19778.0
746,Pyrénées-Atlantiques,2016,253.0,10062.0,9588.0,667.0,0.0,20570.0
747,Pyrénées-Atlantiques,2017,222.0,11270.0,8792.0,953.0,9.0,21246.0
748,Pyrénées-Atlantiques,2018,260.0,13276.0,7218.0,1267.0,19.0,22044.0
749,Pyrénées-Atlantiques,2019,361.0,13660.0,6759.0,1422.0,17.0,22219.0
750,Pyrénées-Orientales,2010,0.0,4373.0,9646.0,0.0,323.0,14394.0
751,Pyrénées-Orientales,2011,12.0,4086.0,10073.0,0.0,56.0,14307.0
752,Pyrénées-Orientales,2012,23.0,3548.0,8399.0,154.0,13.0,12139.0
753,Pyrénées-Orientales,2013,32.0,3809.0,6793.0,222.0,15.0,10871.0
754,Pyrénées-Orientales,2014,51.0,3982.0,6723.0,219.0,11.0,10986.0
755,Pyrénées-Orientales,2015,84.0,5368.0,6683.0,263.0,4.0,12402.0
756,Pyrénées-Orientales,2016,116.0,6185.0,6355.0,291.0,0.0,12948.0
757,Pyrénées-Orientales,2017,124.0,7376.0,7066.0,516.0,2.0,15086.0
758,Pyrénées-Orientales,2018,162.0,8996.0,6091.0,677.0,5.0,15931.0
759,Pyrénées-Orientales,2019,241.0,9765.0,5242.0,819.0,1.0,16068.0
760,Rhône,2010,3.0,15314.0,40106.0,0.0,0.0,57583.0
761,Rhône,2011,60.0,16187.0,41859.0,0.0,331.0,58771.0
762,Rhône,2012,74.0,13333.0,35736.0,758.0,70.0,49976.0
763,Rhône,2013,270.0,14862.0,31531.0,1382.0,85.0,48140.0
764,Rhône,2014,413.0,15587.0,30838.0,1264.0,62.0,48165.0
765,Rhône,2015,458.0,19257.0,28861.0,1640.0,45.0,50281.0
766,Rhône,2016,677.0,22257.0,29689.0,1467.0,9.0,54107.0
767,Rhône,2017,908.0,25786.0,32338.0,2180.0,49.0,61280.0
768,Rhône,2018,999.0,28686.0,27812.0,2897.0,114.0,60517.0
769,Rhône,2019,1616.0,32559.0,26270.0,3595.0,90.0,64149.0
770,Sarthe,2010,0.0,4508.0,11142.0,0.0,0.0,16670.0
771,Sarthe,2011,6.0,4043.0,11859.0,0.0,0.0,16128.0
772,Sarthe,2012,34.0,3364.0,9091.0,189.0,12.0,12691.0
773,Sarthe,2013,49.0,3811.0,7781.0,327.0,40.0,12008.0
774,Sarthe,2014,63.0,4184.0,7164.0,296.0,29.0,11737.0
775,Sarthe,2015,141.0,5080.0,6854.0,330.0,9.0,12414.0
776,Sarthe,2016,145.0,6271.0,6675.0,390.0,2.0,13483.0
777,Sarthe,2017,162.0,7024.0,6476.0,577.0,12.0,14251.0
778,Sarthe,2018,156.0,8085.0,5580.0,765.0,36.0,14622.0
779,Sarthe,2019,231.0,8703.0,5201.0,885.0,38.0,15060.0
780,Savoie,2010,1.0,3926.0,12119.0,0.0,0.0,16624.0
781,Savoie,2011,6.0,3835.0,12546.0,0.0,81.0,16546.0
782,Savoie,2012,17.0,3583.0,10366.0,191.0,7.0,14165.0
783,Savoie,2013,46.0,4255.0,8938.0,341.0,8.0,13588.0
784,Savoie,2014,64.0,4840.0,8686.0,289.0,17.0,13896.0
785,Savoie,2015,127.0,5770.0,8127.0,316.0,17.0,14357.0
786,Savoie,2016,168.0,6913.0,7816.0,364.0,2.0,15270.0
787,Savoie,2017,213.0,7759.0,7060.0,572.0,5.0,15612.0
788,Savoie,2018,234.0,9345.0,6666.0,940.0,16.0,17202.0
789,Savoie,2019,304.0,9364.0,6064.0,1058.0,14.0,16818.0
790,Saône-et-Loire,2010,0.0,4539.0,11985.0,0.0,709.0,17285.0
791,Saône-et-Loire,2011,5.0,4386.0,11700.0,0.0,0.0,16290.0
792,Saône-et-Loire,2012,16.0,3767.0,9488.0,185.0,19.0,13476.0
793,Saône-et-Loire,2013,53.0,4015.0,8025.0,280.0,24.0,12398.0
794,Saône-et-Loire,2014,57.0,4535.0,7838.0,278.0,14.0,12722.0
795,Saône-et-Loire,2015,93.0,5548.0,7248.0,317.0,11.0,13219.0
796,Saône-et-Loire,2016,145.0,6339.0,6671.0,299.0,4.0,13459.0
797,Saône-et-Loire,2017,157.0,7142.0,6140.0,457.0,5.0,13901.0
798,Saône-et-Loire,2018,149.0,7903.0,5463.0,548.0,15.0,14078.0
799,Saône-et-Loire,2019,249.0,8248.0,5177.0,707.0,9.0,14390.0
800,Seine-Maritime,2010,0.0,18488.0,70399.0,0.0,0.0,90163.0
801,Seine-Maritime,2011,33.0,19477.0,71645.0,0.0,173.0,91486.0
802,Seine-Maritime,2012,74.0,17123.0,63875.0,323.0,18.0,81416.0
803,Seine-Maritime,2013,135.0,17798.0,50389.0,1161.0,38.0,69522.0
804,Seine-Maritime,2014,212.0,20937.0,52920.0,635.0,43.0,74748.0
805,Seine-Maritime,2015,394.0,26808.0,49307.0,1840.0,21.0,78372.0
806,Seine-Maritime,2016,494.0,35833.0,49101.0,1309.0,4.0,86742.0
807,Seine-Maritime,2017,517.0,40686.0,45729.0,1339.0,9.0,88283.0
808,Seine-Maritime,2018,546.0,47399.0,36549.0,1972.0,35.0,86501.0
809,Seine-Maritime,2019,774.0,55099.0,27347.0,3350.0,57.0,86632.0
810,Seine-Saint-Denis,2010,0.0,7552.0,19504.0,0.0,1014.0,28315.0
811,Seine-Saint-Denis,2011,11.0,7712.0,20084.0,0.0,140.0,28204.0
812,Seine-Saint-Denis,2012,25.0,5916.0,17496.0,523.0,26.0,23987.0
813,Seine-Saint-Denis,2013,83.0,7428.0,18814.0,988.0,53.0,27366.0
814,Seine-Saint-Denis,2014,121.0,9797.0,19147.0,1144.0,40.0,30249.0
815,Seine-Saint-Denis,2015,201.0,11542.0,20637.0,1459.0,20.0,33859.0
816,Seine-Saint-Denis,2016,330.0,13684.0,17830.0,1429.0,0.0,33276.0
817,Seine-Saint-Denis,2017,462.0,13190.0,16948.0,1843.0,6.0,32452.0
818,Seine-Saint-Denis,2018,429.0,14694.0,14850.0,2059.0,25.0,32063.0
819,Seine-Saint-Denis,2019,516.0,14685.0,11031.0,2394.0,20.0,28673.0
820,Seine-et-Marne,2010,0.0,11113.0,32065.0,0.0,1936.0,45663.0
821,Seine-et-Marne,2011,27.0,11403.0,32690.0,0.0,321.0,44977.0
822,Seine-et-Marne,2012,47.0,9603.0,28411.0,817.0,31.0,38911.0
823,Seine-et-Marne,2013,110.0,10398.0,24286.0,1347.0,68.0,36209.0
824,Seine-et-Marne,2014,156.0,11351.0,23179.0,1238.0,40.0,35964.0
825,Seine-et-Marne,2015,302.0,14865.0,22949.0,1638.0,30.0,39784.0
826,Seine-et-Marne,2016,418.0,17146.0,21021.0,1652.0,6.0,40249.0
827,Seine-et-Marne,2017,582.0,19953.0,19189.0,2344.0,13.0,42083.0
828,Seine-et-Marne,2018,877.0,23228.0,16897.0,2802.0,37.0,43856.0
829,Seine-et-Marne,2019,859.0,24117.0,14414.0,3245.0,46.0,42742.0
830,Somme,2010,0.0,4247.0,15052.0,0.0,555.0,19899.0
831,Somme,2011,6.0,4380.0,17096.0,0.0,41.0,21570.0
832,Somme,2012,13.0,4228.0,15067.0,155.0,8.0,19471.0
833,Somme,2013,48.0,4738.0,13893.0,244.0,25.0,18948.0
834,Somme,2014,40.0,6263.0,13719.0,249.0,11.0,20282.0
835,Somme,2015,98.0,7188.0,13696.0,401.0,12.0,21395.0
836,Somme,2016,119.0,8420.0,14423.0,405.0,0.0,23368.0
837,Somme,2017,107.0,12377.0,13704.0,577.0,6.0,26771.0
838,Somme,2018,145.0,19141.0,14073.0,916.0,9.0,34284.0
839,Somme,2019,237.0,20651.0,15091.0,941.0,15.0,36938.0
840,Tarn,2010,0.0,2719.0,8833.0,0.0,0.0,12136.0
841,Tarn,2011,4.0,2539.0,8388.0,0.0,98.0,11092.0
842,Tarn,2012,7.0,2031.0,6903.0,124.0,11.0,9076.0
843,Tarn,2013,30.0,2458.0,6212.0,144.0,18.0,8867.0
844,Tarn,2014,40.0,2939.0,6224.0,152.0,16.0,9373.0
845,Tarn,2015,86.0,3690.0,5782.0,224.0,10.0,9792.0
846,Tarn,2016,131.0,4112.0,5554.0,198.0,4.0,9999.0
847,Tarn,2017,169.0,4998.0,5284.0,330.0,3.0,10784.0
848,Tarn,2018,177.0,6136.0,4232.0,505.0,18.0,11069.0
849,Tarn,2019,247.0,6213.0,3630.0,487.0,15.0,10592.0
850,Tarn-et-Garonne,2010,0.0,1294.0,4600.0,0.0,0.0,6251.0
851,Tarn-et-Garonne,2011,1.0,1289.0,4646.0,0.0,47.0,6014.0
852,Tarn-et-Garonne,2012,18.0,1062.0,4047.0,79.0,6.0,5212.0
853,Tarn-et-Garonne,2013,18.0,1192.0,3617.0,118.0,9.0,4954.0
854,Tarn-et-Garonne,2014,24.0,1359.0,3204.0,90.0,14.0,4691.0
855,Tarn-et-Garonne,2015,68.0,1795.0,3028.0,109.0,3.0,5004.0
856,Tarn-et-Garonne,2016,83.0,2111.0,2932.0,125.0,0.0,5253.0
857,Tarn-et-Garonne,2017,77.0,2363.0,2762.0,209.0,0.0,5412.0
858,Tarn-et-Garonne,2018,113.0,3078.0,2338.0,261.0,11.0,5801.0
859,Tarn-et-Garonne,2019,166.0,3002.0,2228.0,283.0,5.0,5684.0
860,Territoire de Belfort,2010,0.0,1683.0,4092.0,0.0,0.0,5936.0
861,Territoire de Belfort,2011,1.0,1650.0,3967.0,0.0,0.0,5664.0
862,Territoire de Belfort,2012,20.0,1388.0,3282.0,65.0,0.0,4757.0
863,Territoire de Belfort,2013,10.0,1554.0,2926.0,99.0,8.0,4597.0
864,Territoire de Belfort,2014,5.0,1708.0,2412.0,64.0,4.0,4193.0
865,Territoire de Belfort,2015,35.0,2154.0,2073.0,92.0,2.0,4356.0
866,Territoire de Belfort,2016,38.0,2477.0,1835.0,66.0,0.0,4416.0
867,Territoire de Belfort,2017,20.0,2765.0,1669.0,106.0,0.0,4564.0
868,Territoire de Belfort,2018,42.0,3102.0,1562.0,150.0,13.0,4869.0
869,Territoire de Belfort,2019,60.0,3050.0,1308.0,186.0,6.0,4610.0
870,Val-d'Oise,2010,7.0,9664.0,22413.0,0.0,1252.0,33532.0
871,Val-d'Oise,2011,14.0,10100.0,22438.0,0.0,224.0,33065.0
872,Val-d'Oise,2012,81.0,8190.0,19522.0,587.0,30.0,28412.0
873,Val-d'Oise,2013,92.0,9113.0,16645.0,980.0,47.0,26877.0
874,Val-d'Oise,2014,153.0,9858.0,14765.0,1081.0,27.0,25885.0
875,Val-d'Oise,2015,237.0,12360.0,14311.0,1333.0,26.0,28267.0
876,Val-d'Oise,2016,295.0,13071.0,13212.0,1385.0,5.0,27969.0
877,Val-d'Oise,2017,274.0,14665.0,12222.0,1787.0,14.0,28963.0
878,Val-d'Oise,2018,427.0,16401.0,10284.0,2286.0,25.0,29423.0
879,Val-d'Oise,2019,670.0,17484.0,8569.0,2546.0,23.0,29293.0
880,Val-de-Marne,2010,0.0,10864.0,20021.0,0.0,1127.0,32265.0
881,Val-de-Marne,2011,8.0,11065.0,19527.0,0.0,140.0,31107.0
882,Val-de-Marne,2012,47.0,8991.0,16623.0,657.0,0.0,26333.0
883,Val-de-Marne,2013,98.0,9372.0,14980.0,1252.0,40.0,25747.0
884,Val-de-Marne,2014,125.0,9948.0,14527.0,1232.0,34.0,25866.0
885,Val-de-Marne,2015,227.0,12510.0,13928.0,1676.0,28.0,28370.0
886,Val-de-Marne,2016,273.0,14245.0,14415.0,1754.0,4.0,30699.0
887,Val-de-Marne,2017,413.0,14947.0,13726.0,2327.0,7.0,31426.0
888,Val-de-Marne,2018,442.0,16203.0,11332.0,2598.0,34.0,30610.0
889,Val-de-Marne,2019,675.0,18717.0,9531.0,2864.0,33.0,31822.0
890,Var,2010,0.0,12592.0,23646.0,0.0,1256.0,37652.0
891,Var,2011,23.0,12815.0,22949.0,0.0,213.0,36275.0
892,Var,2012,45.0,10811.0,19930.0,492.0,31.0,31314.0
893,Var,2013,102.0,11951.0,16841.0,811.0,28.0,29734.0
894,Var,2014,188.0,13076.0,16709.0,716.0,34.0,30723.0
895,Var,2015,300.0,15632.0,14713.0,929.0,24.0,31598.0
896,Var,2016,353.0,18316.0,14066.0,1093.0,3.0,33833.0
897,Var,2017,431.0,20557.0,13375.0,1733.0,15.0,36111.0
898,Var,2018,482.0,23837.0,11113.0,2138.0,24.0,37594.0
899,Var,2019,716.0,25644.0,10002.0,2387.0,24.0,38773.0
900,Vaucluse,2010,0.0,4725.0,13354.0,0.0,837.0,19044.0
901,Vaucluse,2011,10.0,4877.0,13376.0,0.0,117.0,18531.0
902,Vaucluse,2012,41.0,4304.0,11649.0,274.0,22.0,16290.0
903,Vaucluse,2013,70.0,4874.0,10102.0,377.0,22.0,15446.0
904,Vaucluse,2014,88.0,5488.0,9471.0,341.0,19.0,15408.0
905,Vaucluse,2015,144.0,6754.0,9013.0,429.0,11.0,16351.0
906,Vaucluse,2016,202.0,7974.0,8461.0,478.0,0.0,17117.0
907,Vaucluse,2017,217.0,8982.0,8150.0,680.0,15.0,18044.0
908,Vaucluse,2018,290.0,10439.0,6914.0,937.0,20.0,18600.0
909,Vaucluse,2019,388.0,11308.0,5819.0,1087.0,12.0,18615.0
910,Vendée,2010,0.0,4361.0,12733.0,0.0,769.0,17971.0
911,Vendée,2011,12.0,4379.0,12392.0,0.0,111.0,17035.0
912,Vendée,2012,63.0,3539.0,10423.0,287.0,9.0,14322.0
913,Vendée,2013,64.0,4246.0,9422.0,466.0,21.0,14219.0
914,Vendée,2014,99.0,5019.0,9281.0,381.0,16.0,14797.0
915,Vendée,2015,281.0,6251.0,8516.0,579.0,18.0,15646.0
916,Vendée,2016,337.0,7457.0,8432.0,551.0,0.0,16777.0
917,Vendée,2017,281.0,8386.0,7816.0,795.0,11.0,17295.0
918,Vendée,2018,300.0,10323.0,7039.0,1143.0,16.0,18823.0
919,Vendée,2019,431.0,10460.0,6935.0,1307.0,12.0,19148.0
920,Vienne,2010,0.0,2424.0,7831.0,0.0,532.0,10833.0
921,Vienne,2011,113.0,2545.0,7975.0,0.0,82.0,10791.0
922,Vienne,2012,63.0,2448.0,12125.0,135.0,0.0,14783.0
923,Vienne,2013,47.0,2789.0,7218.0,258.0,13.0,10325.0
924,Vienne,2014,50.0,3421.0,9432.0,218.0,22.0,13145.0
925,Vienne,2015,223.0,4976.0,9696.0,293.0,4.0,15192.0
926,Vienne,2016,189.0,6062.0,8952.0,277.0,2.0,15482.0
927,Vienne,2017,176.0,8422.0,9592.0,587.0,3.0,18780.0
928,Vienne,2018,263.0,12694.0,8573.0,800.0,13.0,22343.0
929,Vienne,2019,222.0,10898.0,6472.0,1100.0,12.0,18704.0
930,Vosges,2010,0.0,3048.0,9170.0,0.0,453.0,12698.0
931,Vosges,2011,8.0,2872.0,8756.0,0.0,76.0,11752.0
932,Vosges,2012,8.0,2391.0,7007.0,115.0,14.0,9535.0
933,Vosges,2013,30.0,2666.0,6429.0,181.0,19.0,9325.0
934,Vosges,2014,36.0,3056.0,6050.0,137.0,13.0,9293.0
935,Vosges,2015,80.0,3673.0,5620.0,207.0,12.0,9593.0
936,Vosges,2016,71.0,4434.0,5311.0,183.0,3.0,10003.0
937,Vosges,2017,98.0,5049.0,4923.0,245.0,3.0,10319.0
938,Vosges,2018,142.0,6003.0,4290.0,363.0,10.0,10808.0
939,Vosges,2019,153.0,5973.0,4052.0,413.0,9.0,10600.0
940,Yonne,2010,0.0,2296.0,7652.0,0.0,395.0,10391.0
941,Yonne,2011,6.0,2229.0,7438.0,0.0,42.0,9756.0
942,Yonne,2012,12.0,1891.0,6430.0,100.0,18.0,8451.0
943,Yonne,2013,22.0,2099.0,5569.0,193.0,19.0,7902.0
944,Yonne,2014,29.0,2344.0,5349.0,154.0,11.0,7887.0
945,Yonne,2015,60.0,3017.0,4743.0,252.0,15.0,8087.0
946,Yonne,2016,80.0,3368.0,4446.0,281.0,0.0,8177.0
947,Yonne,2017,92.0,4013.0,4398.0,355.0,7.0,8865.0
948,Yonne,2018,121.0,4686.0,3913.0,453.0,9.0,9182.0
949,Yonne,2019,111.0,4785.0,3334.0,438.0,23.0,8691.0
950,Yvelines,2010,121.0,23595.0,59318.0,0.0,1707.0,85162.0
951,Yvelines,2011,182.0,25912.0,54955.0,0.0,294.0,82082.0
952,Yvelines,2012,323.0,20961.0,47275.0,1714.0,63.0,70353.0
953,Yvelines,2013,372.0,22809.0,41657.0,2666.0,128.0,67634.0
954,Yvelines,2014,562.0,22500.0,38285.0,1879.0,113.0,63340.0
955,Yvelines,2015,935.0,27402.0,37209.0,2961.0,40.0,68551.0
956,Yvelines,2016,984.0,34940.0,34680.0,2392.0,12.0,73012.0
957,Yvelines,2017,1261.0,35521.0,33086.0,2943.0,24.0,72837.0
958,Yvelines,2018,1261.0,38254.0,29884.0,3409.0,50.0,72862.0
959,Yvelines,2019,1944.0,43613.0,27063.0,3844.0,52.0,76537.0
